id,year,brand,title,agency,current_url,query,best_adsspot_url,best_score,candidate_2,candidate_3,candidate_count
2022-we-will-become-better-lgbtnet-org,2022,LGBTNET.ORG,WE WILL BECOME BETTER,HALAL AMSTERDAM,https://www.youtube.com/watch?v=hGRkKVPpcvU,WE WILL BECOME BETTER LGBTNET.ORG 2022 site:adsspot.me/media,https://adsspot.me/media/tv-commercials/chef-boyardee-canned-food-never-outgrow-campaign-bcff42419b22,0,https://adsspot.me/media/tv-commercials/un-women-if-gender-bias-begins-with-us-it-can-end-with-us-7928c1162f64,https://adsspot.me/media/design/east-meets-west-foundation-soap-fountain-%7Bimage%7D-56a086e2fadb,4
2019-an-post-address-point,2019,ADDRESS POINT,AN POST,WUNDERMAN THOMPSON DUBLIN,http://post/address-point-pointing-a-way-back-home-for-ireland-67773,AN POST ADDRESS POINT 2019 site:adsspot.me/media,https://adsspot.me/media/tv-commercials/an-post-address-point-pointing-a-way-back-home-1a24626e500c,0.7286,https://adsspot.me/media/case-study/an-post-foreign-exchange-80427f9e17ee,https://adsspot.me/media/viral,10
2019-blink-test-jimmy-nelson-foundation,2019,JIMMY NELSON FOUNDATION,BLINK TEST,WUNDERMAN THOMPSON MUMBAI,https://www.youtube.com/watch?v=YCT6HzTqEmo,BLINK TEST JIMMY NELSON FOUNDATION 2019 site:adsspot.me/media,,,,,0
2019-block-wish-hok-elanto,2019,HOK-ELANTO,BLOCK WISH,,https://clios.com/awards/winner/digital-mobile-social-media-technique/alepa/block-wish-49298,BLOCK WISH HOK-ELANTO 2019 site:adsspot.me/media,,,,,0
2019-cards-of-knowledgement-miscarriage-association,2019,MISCARRIAGE ASSOCIATION,CARDS OF KNOWLEDGEMENT,MCCANN LONDON,https://creativepool.com/mrmlondon/projects/cards-of-acknowledgement-for-miscarriage-association-,CARDS OF KNOWLEDGEMENT MISCARRIAGE ASSOCIATION 2019 site:adsspot.me/media,,,,,0
2019-contract-translator-reclame-aqui,2019,RECLAME AQUI,CONTRACT TRANSLATOR,GREY SÃO PAULO,https://sites.wpp.com/wppedcream/2019/advertising/promo_and_activation/contract-translator,CONTRACT TRANSLATOR RECLAME AQUI 2019 site:adsspot.me/media,,,,,0
2019-dollar-agony-ripio,2019,RIPIO,DOLLAR AGONY,VMLY&R BUENOS AIRES,https://sites.wpp.com/wppedcream/2019/advertising/radio/dollar-agony?c=5e3417d9-cc54-4fa9-84d7-bd8a923a09ff,DOLLAR AGONY RIPIO 2019 site:adsspot.me/media,,,,,0
2019-e-quality-telefonica-brasil-s-a,2019,TELEFONICA BRASIL S.A.,E-QUALITY,VMLY&R SÃO PAULO,https://www.vmlyr.com/work/vivo-telefonica-brasil-e-quality,E-QUALITY TELEFONICA BRASIL S.A. 2019 site:adsspot.me/media,,,,,0
2019-nationalroastday-wendy-s,2019,WENDY’S,#NATIONALROASTDAY,VMLY&R KANSAS,https://www.vmlyr.com/work/nationalroastday,#NATIONALROASTDAY WENDY’S 2019 site:adsspot.me/media,,,,,0
2019-pass-the-bill-leaf-forward,2019,LEAF FORWARD,PASS THE BILL,RETHINK TORONTO,https://clios.com/awards/winner/innovation/leaf-forward/pass-the-bill-68582,PASS THE BILL LEAF FORWARD 2019 site:adsspot.me/media,,,,,0
2019-pride-shield-mergence-foundation,2019,ÉMERGENCE FOUNDATION,PRIDE SHIELD,RETHINK MONTREAL,https://www.youtube.com/watch?v=5GpbjNjq2Fw,PRIDE SHIELD ÉMERGENCE FOUNDATION 2019 site:adsspot.me/media,,,,,0
2019-rearranged-queens-berliner-philharmoniker,2019,BERLINER PHILHARMONIKER,REARRANGED QUEENS,SCHOLZ & FRIENDS BERLIN,https://clios.com/awards/winner/out-of-home/berliner-philharmoniker/rearranged-1-70963,REARRANGED QUEENS BERLINER PHILHARMONIKER 2019 site:adsspot.me/media,,,,,0
2019-squarespace-make-it-squarespace,2019,SQUARESPACE,SQUARESPACE MAKE IT,MJZ LOS ANGELES,https://clios.com/awards/winner/film/squarespace/make-it-72251,SQUARESPACE MAKE IT SQUARESPACE 2019 site:adsspot.me/media,,,,,0
2019-the-8-city-of-no-cars-bmv,2019,CITY OF NO CARS – BMV,THE 8,SERVICEPLAN MUNICH,https://clios.com/awards/winner/film-technique-cinematography/bmw/the-8-city-of-no-cars-70803,THE 8 CITY OF NO CARS – BMV 2019 site:adsspot.me/media,,,,,0
2019-the-commercial-that-saves-lives-ministerio-de-salud-chile,2019,MINISTERIO DE SALUD CHILE,THE COMMERCIAL THAT SAVES LIVES,VMLY&R SANTIAGO,https://www.vmlyr.com/work/ministerio-de-salud-chile-commercial-saves-lives,THE COMMERCIAL THAT SAVES LIVES MINISTERIO DE SALUD CHILE 2019 site:adsspot.me/media,,,,,0
2019-tourists-volkswagen,2019,VOLKSWAGEN,TOURISTS,BBDO SÃO PAULO,https://carlosyanke.work/Park-Assist,TOURISTS VOLKSWAGEN 2019 site:adsspot.me/media,,,,,0
2018-ake-demo-dir-komson,2018,DIR. KOMSON,AKE DEMO,SUNETA HOUSE BANGKOK,http://sunetahouse.com/video/226289889,AKE DEMO DIR. KOMSON 2018 site:adsspot.me/media,,,,,0
2018-america-just-like-the-movies-norwegian-air,2018,NORWEGIAN AIR,AMERICA. JUST LIKE THE MOVIES.,TRY OSLO,https://www.youtube.com/watch?v=CXFMQss33CQ&ab_channel=GREATADS%26LESSGREATADS%28BUTSTILLOK%29,AMERICA. JUST LIKE THE MOVIES. NORWEGIAN AIR 2018 site:adsspot.me/media,,,,,0
2018-beware-the-dangers-of-almost-the-same-toyota,2018,TOYOTA,BEWARE THE DANGERS OF ALMOST THE SAME,TOYOTA PALMERSTON NORTH,http://jakeandjoshcreative.com/beware-the-dangers-of-almost-the-same-1,BEWARE THE DANGERS OF ALMOST THE SAME TOYOTA 2018 site:adsspot.me/media,,,,,0
2018-boxes-uber,2018,UBER,BOXES,FORSMAN & BODENFORS GOTHENBURG,https://forsman.co/work/uber/boxes,BOXES UBER 2018 site:adsspot.me/media,,,,,0
2018-breathing-life-into-transit-ads-altered-carbon-netflix,2018,ALTERED CARBON NETFLIX,BREATHING LIFE INTO TRANSIT ADS,MEDIAHUB BOSTON,https://vimeopro.com/mullenlowegroup/cannes-lions-2018-winners/video/276851263,BREATHING LIFE INTO TRANSIT ADS ALTERED CARBON NETFLIX 2018 site:adsspot.me/media,,,,,0
2018-bring-back-your-smile-colgate,2018,COLGATE,BRING BACK YOUR SMILE,RED FUSE PARIS,https://www.adruby.com/print-ads/colgate-bring-back-your-white-smile,BRING BACK YOUR SMILE COLGATE 2018 site:adsspot.me/media,,,,,0
2018-carsales-autoads-carsales-com-au,2018,CARSALES.COM.AU,CARSALES AUTOADS,PROXIMITY MELBOURNE,https://clios.com/awards/winner/branded-content/carsales-com-au/autoads-43624,CARSALES AUTOADS CARSALES.COM.AU 2018 site:adsspot.me/media,,,,,0
2018-chatty-school-bus-hyundai,2018,HYUNDAI,CHATTY SCHOOL BUS,INNOCEAN SEOUL,https://clios.com/awards/winner/public-relations/hyundai-motor-company/chatty-school-bus-51247,CHATTY SCHOOL BUS HYUNDAI 2018 site:adsspot.me/media,,,,,0
2018-cheetos-museum-frito-lay,2018,FRITO LAY,CHEETOS MUSEUM,GOODBY SILVERSTEIN & PARTNERS SAN FRANCISCO,https://clios.com/awards/winner/events-experiential/cheetos/cheetos-museum-21652,CHEETOS MUSEUM FRITO LAY 2018 site:adsspot.me/media,,,,,0
2018-christmas-2117-edeka,2018,EDEKA,CHRISTMAS 2117,JUNG VON MATT HAMBURG,https://clios.com/awards/winner/film-technique-visual-effects/edeka/christmas-2117-38347,CHRISTMAS 2117 EDEKA 2018 site:adsspot.me/media,,,,,0
2018-cliffside-shop-37-5-technology,2018,37.5 TECHNOLOGY,CLIFFSIDE SHOP,WORKINPROGRESS BOULDER,https://clios.com/awards/winner/out-of-home/37-5-technology/cliffside-shop-39832,CLIFFSIDE SHOP 37.5 TECHNOLOGY 2018 site:adsspot.me/media,,,,,0
2018-coma-mini-series-getty-images-almapbbdo,2018,GETTY IMAGES (ALMAPBBDO,COMA MINI SERIES,,https://pedrocorbett.com/getty-images-coma-miniseries,COMA MINI SERIES GETTY IMAGES (ALMAPBBDO 2018 site:adsspot.me/media,,,,,0
2018-coverage-coalition-get-america-covered,2018,GET AMERICA COVERED,COVERAGE COALITION,BARTON F GRAF NEW YORK,https://clios.com/awards/winner/public-relations/get-america-covered/coverage-coalition-49303,COVERAGE COALITION GET AMERICA COVERED 2018 site:adsspot.me/media,,,,,0
2018-destination-pride-pflag-canada,2018,PFLAG CANADA,DESTINATION PRIDE,FCB/SIX TORONTO,https://clios.com/awards/winner/digital-mobile/pflag-canada/destination-pride-47165,DESTINATION PRIDE PFLAG CANADA 2018 site:adsspot.me/media,,,,,0
2018-disappearing-person-alerts-queensland-police,2018,QUEENSLAND POLICE,DISAPPEARING PERSON ALERTS,DENTSU MELBOURNE,https://www.dentsu.com/au/en/our-work/bwm-dentsu-cox-inall-change-disappearing-person-alerts,DISAPPEARING PERSON ALERTS QUEENSLAND POLICE 2018 site:adsspot.me/media,,,,,0
2018-dissolving-posters-habitat-for-humanity-brazil,2018,HABITAT FOR HUMANITY BRAZIL,DISSOLVING POSTERS,BETC SÃO PAULO,https://clios.com/health/winner/out-of-home-health-wellness/habitat-for-humanity-brazil/the-dissolving-poster-55812,DISSOLVING POSTERS HABITAT FOR HUMANITY BRAZIL 2018 site:adsspot.me/media,,,,,0
2018-don-t-let-your-loved-ones-be-the-home-for-worms-ferienzeit,2018,FERIENZEIT,DON’T LET YOUR LOVED ONES BE THE HOME FOR WORMS,SAATCHI & SAATCHI DÜSSELDORF,https://saatchi.de/arbeiten/entry/puenktlich-zur-ferienzeit-neue-reise-kampagne-fuer-elanco/,DON’T LET YOUR LOVED ONES BE THE HOME FOR WORMS FERIENZEIT 2018 site:adsspot.me/media,,,,,0
2018-easyassistance-easy-taxi,2018,EASY TAXI (,EASYASSISTANCE,,https://www.youtube.com/watch?v=xYnINEnuga8&ab_channel=%23LatinosEnCannes,EASYASSISTANCE EASY TAXI ( 2018 site:adsspot.me/media,,,,,0
2018-edeka-2117-edeka-zentrale-ag-co-kg,2018,EDEKA ZENTRALE AG & CO. KG,EDEKA 2117,MPC LONDON,https://clios.com/awards/winner/film-technique-direction/edeka/christmas-2117-38346,EDEKA 2117 EDEKA ZENTRALE AG & CO. KG 2018 site:adsspot.me/media,,,,,0
2018-el-mundo-newspaper-nuyorican-basket-doc,2018,NUYORICAN BASKET DOC,EL MUNDO NEWSPAPER,ARCO PUBLICIDAD SAN JUAN,https://clios.com/entertainment/winner/theatrical-events-experiential/nuyorican-basket-documentary/el-mundo-55413,EL MUNDO NEWSPAPER NUYORICAN BASKET DOC 2018 site:adsspot.me/media,,,,,0
2018-fifa-18-more-than-a-game-ea-games,2018,EA GAMES,FIFA 18 MORE THAN A GAME,ADAM&EVEDDB LONDON,https://www.thedrum.com/creative-works/project/adameveddb-fifa-more-game,FIFA 18 MORE THAN A GAME EA GAMES 2018 site:adsspot.me/media,,,,,0
2018-forbidden-stories-freedom-voices-network,2018,FREEDOM VOICES NETWORK (,FORBIDDEN STORIES,,https://www.youtube.com/watch?v=lhEiEIjvdOQ&ab_channel=WundermanThompsonParis,FORBIDDEN STORIES FREEDOM VOICES NETWORK ( 2018 site:adsspot.me/media,,,,,0
2018-geoff-heinz,2018,HEINZ,GEOFF,Y&R AUCKLAND,https://www.vmlyr.com/en-nz/new-zealand/work/heinz-geoff,GEOFF HEINZ 2018 site:adsspot.me/media,,,,,0
2018-give-nothing-to-racism-human-rights-commission,2018,HUMAN RIGHTS COMMISSION,GIVE NOTHING TO RACISM,BBDO WELLINGTON,https://www.clemengerbbdo.co.nz/the-work/give-nothing-to-racism,GIVE NOTHING TO RACISM HUMAN RIGHTS COMMISSION 2018 site:adsspot.me/media,,,,,0
2018-heath-immigration-jig-saw,2018,JIG SAW,“HEATH IMMIGRATION”,THE CORNER LONDON,https://www.youtube.com/watch?v=g2mPGGQDzH0&ab_channel=MassimoFiori,“HEATH IMMIGRATION” JIG SAW 2018 site:adsspot.me/media,,,,,0
2018-help-a-dane-danish-cancer-society-trygfonden,2018,DANISH CANCER SOCIETY & TRYGFONDEN,HELP A DANE,&CO / NOA COPENHAGEN,https://clios.com/health/winner/integrated-campaign-health-wellness/danish-cancer-society-trygfonden/help-a-dane-55847,HELP A DANE DANISH CANCER SOCIETY & TRYGFONDEN 2018 site:adsspot.me/media,,,,,0
2018-i-m-still-her-johan-alzheimer,2018,ALZHEIMER,I’M STILL HER: JOHAN,DDB BRUSSELS,https://ddbbrussels.prezly.com/dementia-will-never-take-away-our-beautiful-memories,I’M STILL HER: JOHAN ALZHEIMER 2018 site:adsspot.me/media,,,,,0
2018-life-saving-safecap-ford,2018,FORD,LIFE-SAVING SAFECAP,GTB SÃO PAULO,https://activationideas.com/blog/safecap,LIFE-SAVING SAFECAP FORD 2018 site:adsspot.me/media,,,,,0
2018-london-symphony-orchestra-sir-simon-rattle,2018,SIR SIMON RATTLE,LONDON SYMPHONY ORCHESTRA,SUPER UNION LONDON,https://www.superunion.com/work/london-symphony-orchestra/,LONDON SYMPHONY ORCHESTRA SIR SIMON RATTLE 2018 site:adsspot.me/media,,,,,0
2018-lynching-in-america-google-equal-justice-initiative,2018,GOOGLE & EQUAL JUSTICE INITIATIVE,LYNCHING IN AMERICA,TEAM IN HOUSE,https://www.lizvwells.com/project/lynching-in-america,LYNCHING IN AMERICA GOOGLE & EQUAL JUSTICE INITIATIVE 2018 site:adsspot.me/media,,,,,0
2018-nike-react-game-of-go-nike,2018,NIKE,NIKE REACT GAME OF GO,MEDIAMONKS AMSTERDAM,https://media.monks.com/case-studies/nike-game-of-go-real-time,NIKE REACT GAME OF GO NIKE 2018 site:adsspot.me/media,,,,,0
2018-qq-alert-reunion-after-years-tencent,2018,TENCENT,QQ ALERT: REUNION AFTER YEARS,TENCENT SHENZHEN,https://www.youtube.com/watch?v=4ZwJCTNT_Ps&ab_channel=XinYang,QQ ALERT: REUNION AFTER YEARS TENCENT 2018 site:adsspot.me/media,,,,,0
2018-r-word-avivo,2018,AVIVO,R WORD,MARKETFORCE PERTH,https://clios.com/health/winner/social-media-health-wellness/avivo/the-r-word-51228,R WORD AVIVO 2018 site:adsspot.me/media,,,,,0
2018-rat-s-tale-nz-transport-agency,2018,NZ TRANSPORT AGENCY,RAT’S TALE,FINCH SYDNEY,https://www.finchcompany.com/production/nzta-rats-tale/,RAT’S TALE NZ TRANSPORT AGENCY 2018 site:adsspot.me/media,,,,,0
2018-self-discounting-products-koctas,2018,KOCTAS,SELF DISCOUNTING PRODUCTS,DDB ISTANBUL,https://istanbul.ddb.com/en/works/koctas-self-discounting-products/,SELF DISCOUNTING PRODUCTS KOCTAS 2018 site:adsspot.me/media,,,,,0
2018-station-with-a-view-skoda,2018,SKODA,STATION WITH A VIEW,ROSAPARK PARIS,http://www.nielsvincent.fr/2018,STATION WITH A VIEW SKODA 2018 site:adsspot.me/media,,,,,0
2018-telenet-play-sports-preroll-football-match-play-sports,2018,PLAY SPORTS,TELENET PLAY SPORTS PREROLL FOOTBALL MATCH,TBWA\BRUSSELS,https://www.tbwa.be/cases/47/play-sports-preroll-football-match,TELENET PLAY SPORTS PREROLL FOOTBALL MATCH PLAY SPORTS 2018 site:adsspot.me/media,,,,,0
2018-the-canceller-reclame-aqui,2018,RECLAME AQUI,THE CANCELLER,GREY SÃO PAULO,https://www.youtube.com/watch?v=bsrmvc440SI,THE CANCELLER RECLAME AQUI 2018 site:adsspot.me/media,,,,,0
2018-the-curious-cat-book-mars,2018,MARS,THE CURIOUS CAT BOOK,BBDO SÃO PAULO,https://bbdo.com/work/5b182e5bf1e61dad7f19c63c,THE CURIOUS CAT BOOK MARS 2018 site:adsspot.me/media,,,,,0
2018-the-equality-bill-ddl-co,2018,DDL&CO,THE EQUALITY BILL,HAVAS BUENOS AIRES,https://www.youtube.com/watch?v=AHQrD2TUMdg,THE EQUALITY BILL DDL&CO 2018 site:adsspot.me/media,,,,,0
2018-the-fading-font-alzheimer-s-disease-awareness,2018,ALZHEIMER’S DISEASE AWARENESS,THE FADING FONT,MCGARRYBOWEN SHANGHAI,https://www.dentsu.com/sg/en/our-work/case-studies-the-fading-font/case-studies-mcgarrybowen-the-fading-font,THE FADING FONT ALZHEIMER’S DISEASE AWARENESS 2018 site:adsspot.me/media,,,,,0
2018-the-fall-hospital-de-amor,2018,HOSPITAL DE AMOR,THE FALL,WMCCANN SÃO PAULO,https://clios.com/health/winner/film-health-wellness/hospital-de-amor/hospital-de-amor-the-fall-48451,THE FALL HOSPITAL DE AMOR 2018 site:adsspot.me/media,,,,,0
2018-the-gallery-of-emerging-species-play-doh,2018,PLAY-DOH,THE GALLERY OF EMERGING SPECIES,DDB PARIS,https://clios.com/awards/winner/branded-content/hasbro-play-doh/the-gallery-of-emerging-species-42539,THE GALLERY OF EMERGING SPECIES PLAY-DOH 2018 site:adsspot.me/media,,,,,0
2018-the-honest-proposal-flora-tristan,2018,FLORA TRISTAN,THE HONEST PROPOSAL,CIRCUS GREY LIMA,https://www.behance.net/gallery/72409531/The-Honest-Proposal,THE HONEST PROPOSAL FLORA TRISTAN 2018 site:adsspot.me/media,,,,,0
2018-the-price-of-equality-scotiabank,2018,SCOTIABANK,THE PRICE OF EQUALITY,WUNDERMAN LIMA,https://www.youtube.com/watch?v=aD7n0N_X62Y&ab_channel=%23LatinosEnCannes,THE PRICE OF EQUALITY SCOTIABANK 2018 site:adsspot.me/media,,,,,0
2018-tiny-doll-kleenex,2018,KLEENEX,TINY DOLL,J. WALTER THOMPSON BANGKOK,https://www.wundermanthompson.com/work/tiny-doll-gentlenotweak,TINY DOLL KLEENEX 2018 site:adsspot.me/media,,,,,0
2018-voces-expertas-triple-s,2018,TRIPLE-S,VOCES EXPERTAS,J.WALTER THOMPSON SAN JUAN,https://clios.com/entertainment/winner/television-streaming-original-content/triple-s/experienced-voices-44516,VOCES EXPERTAS TRIPLE-S 2018 site:adsspot.me/media,,,,,0
2017-amazon-warriors-safe-collection-ananse,2017,ANANSE,AMAZON WARRIORS SAFE COLLECTION,LITTLE GEORGE SÃO PAULO,https://clios.com/health/winner/public-relations-health-wellness/ananse/amazon-warriors-safe-collection-31458,AMAZON WARRIORS SAFE COLLECTION ANANSE 2017 site:adsspot.me/media,,,,,0
2017-auktyon-on-the-sun-auktyon,2017,AUKTYON,AUKTYON ON THE SUN,GREAT ADVERTISING GROUP ST. PETERSBURG,https://clios.com/music/winner/innovation/auktyon-band/on-the-sun-21977,AUKTYON ON THE SUN AUKTYON 2017 site:adsspot.me/media,,,,,0
2017-brad-is-single-norwegian,2017,NORWEGIAN,BRAD IS SINGLE,TRY OSLO,https://www.youtube.com/watch?v=EKgclrmuJmM&ab_channel=TheTravelAwards,BRAD IS SINGLE NORWEGIAN 2017 site:adsspot.me/media,,,,,0
2017-bradshaw-stain-tide,2017,TIDE,BRADSHAW STAIN,SAATCHI & SAATCHI NEW YORK,https://javiercampopiano.squarespace.com/tide-bradshaw-stain,BRADSHAW STAIN TIDE 2017 site:adsspot.me/media,,,,,0
2017-darwin-einstein-mozart-autism-new-zealand,2017,AUTISM NEW ZEALAND,"DARWIN, EINSTEIN, MOZART",DDB AUCKLAND,https://www.sarshadrakeford.com/autism-nz-radio,"DARWIN, EINSTEIN, MOZART AUTISM NEW ZEALAND 2017 site:adsspot.me/media",,,,,0
2017-donotabandon-30-millions-d-amis,2017,30 MILLIONS D’AMIS,#DONOTABANDON,BUZZMAN PARIS,https://www.youtube.com/watch?v=CLn5GhTdY2c&ab_channel=DemusMC,#DONOTABANDON 30 MILLIONS D’AMIS 2017 site:adsspot.me/media,,,,,0
2017-doors-of-thrones-tourism-ireland,2017,TOURISM IRELAND,DOORS OF THRONES,PUBLICIS LONDON,https://www.youtube.com/watch?v=5KN99jVU8BI&ab_channel=TheTravelAwards,DOORS OF THRONES TOURISM IRELAND 2017 site:adsspot.me/media,,,,,0
2017-down-syndrome-answers-canadian-down-syndrome-society,2017,CANADIAN DOWN SYNDROME SOCIETY,DOWN SYNDROME ANSWERS,FCB TORONTO,http://fcbtoronto.com/our-work/down-syndrome-answers/,DOWN SYNDROME ANSWERS CANADIAN DOWN SYNDROME SOCIETY 2017 site:adsspot.me/media,,,,,0
2017-epidemics-catastrophe-deforestation-education-opel,2017,OPEL,EPIDEMICS + CATASTROPHE + DEFORESTATION + EDUCATION,Y&R MADRID,https://www.jesusmorilla.com/opel-load,EPIDEMICS + CATASTROPHE + DEFORESTATION + EDUCATION OPEL 2017 site:adsspot.me/media,,,,,0
2017-every-speed-has-a-consequence-transport-accident-commission-victoria,2017,TRANSPORT ACCIDENT COMMISSION VICTORIA,EVERY SPEED HAS A CONSEQUENCE,CLEMENGER BBDO MELBOURNE,https://clios.com/awards/winner/film/transport-accident-commission-victoria/every-speed-has-a-consequence-25727,EVERY SPEED HAS A CONSEQUENCE TRANSPORT ACCIDENT COMMISSION VICTORIA 2017 site:adsspot.me/media,,,,,0
2017-everything-in-black-white-leica,2017,LEICA,EVERYTHING IN BLACK & WHITE,F/NAZCA SAATCHI & SAATCHI SÃO PAULO,https://lobo.cx/leica-everything-in-black-and-white/,EVERYTHING IN BLACK & WHITE LEICA 2017 site:adsspot.me/media,,,,,0
2017-firecracker-kfc,2017,KFC,FIRECRACKER,IMPACT BBDO DUBAI,https://www.bestadsontv.com/ad/87354/KFC-Australia-Firecracker,FIRECRACKER KFC 2017 site:adsspot.me/media,,,,,0
2017-funeral-for-kent-sweden-s-biggest-rock-band,2017,SWEDEN’S BIGGEST ROCK BAND,FUNERAL FOR KENT,SONY MUSIC ENTERTAINMENT SWEDEN,https://www.youtube.com/watch?v=4VET8zkQsGM&ab_channel=SonyMusicLearning,FUNERAL FOR KENT SWEDEN’S BIGGEST ROCK BAND 2017 site:adsspot.me/media,,,,,0
2017-girls-of-paradise-mouvement-du-nid,2017,MOUVEMENT DU NID,GIRLS OF PARADISE,MCCANN PARIS,https://clios.com/awards/winner/audio/mouvement-du-nid/girls-of-paradise-13503,GIRLS OF PARADISE MOUVEMENT DU NID 2017 site:adsspot.me/media,,,,,0
2017-giveher5-the-ammada-trust,2017,THE AMMADA TRUST,#GIVEHER5,SAATCHI & SAATCHI MUMBAI,https://www.youtube.com/watch?v=T6PKddieRC0&ab_channel=Revolt,#GIVEHER5 THE AMMADA TRUST 2017 site:adsspot.me/media,,,,,0
2017-glitch-adidas,2017,ADIDAS,GLITCH,IRIS LONDON,https://www.wojciechzalot.com/adidas-glitch,GLITCH ADIDAS 2017 site:adsspot.me/media,,,,,0
2017-hidden-kids-volkswagen,2017,VOLKSWAGEN,HIDDEN KIDS,DDB BERLIN,https://ricardowolff.com/VOLKSWAGEN-HIDDEN-KIDS,HIDDEN KIDS VOLKSWAGEN 2017 site:adsspot.me/media,,,,,0
2017-human-by-design-square-enix,2017,SQUARE ENIX,HUMAN BY DESIGN,TURNER INTERNATIONAL ATLANTA,http://www.emchao.com/portfolio/hxd/,HUMAN BY DESIGN SQUARE ENIX 2017 site:adsspot.me/media,,,,,0
2017-i-m-ada-i-can-help-ada,2017,ADA,"I’M ADA, I CAN HELP",KBS ALBION LONDON,https://clios.com/health/winner/digital-mobile-health-wellness/ada-health-inc-/i-m-ada-i-can-help-33646,"I’M ADA, I CAN HELP ADA 2017 site:adsspot.me/media",,,,,0
2017-ikea-responds-to-balenciaga-ikea,2017,IKEA,IKEA RESPONDS TO BALENCIAGA,ACNE STOCKHOLM,https://www.tiagopinho.work/#/ikea/,IKEA RESPONDS TO BALENCIAGA IKEA 2017 site:adsspot.me/media,,,,,0
2017-jenesupportepaslesbleus-elle-simagine-nt,2017,ELLE’SIMAGINE’NT,#JENESUPPORTEPASLESBLEUS,BUZZMAN PARIS,https://clios.com/awards/winner/public-relations/elle-s-imagine-nt/jenesupportepaslesbleus-29624,#JENESUPPORTEPASLESBLEUS ELLE’SIMAGINE’NT 2017 site:adsspot.me/media,,,,,0
2017-keepers-of-the-game-dick-s-sporting-goods,2017,DICK’S SPORTING GOODS,KEEPERS OF THE GAME,TRIBECA DIGITAL STUDIOS NEW YORK,https://tribecafilm.com/studios/keepers-of-the-game,KEEPERS OF THE GAME DICK’S SPORTING GOODS 2017 site:adsspot.me/media,,,,,0
2017-marriage-market-takeover-sk-ii,2017,SK-II,MARRIAGE MARKET TAKEOVER,FORSMAN & BODENFORS STOCKHOLM,https://forsman.co/work/sk-ii/change-destiny,MARRIAGE MARKET TAKEOVER SK-II 2017 site:adsspot.me/media,,,,,0
2017-melanoma-monsters-mollie-s-fund,2017,MOLLIE’S FUND,MELANOMA MONSTERS,FCB AREA 23 NEW YORK,https://guillermoaracena.com/project/print-ads,MELANOMA MONSTERS MOLLIE’S FUND 2017 site:adsspot.me/media,,,,,0
2017-no-more-black-targets-new-york-society-for-ethical-culture,2017,NEW YORK SOCIETY FOR ETHICAL CULTURE,NO MORE BLACK TARGETS,FRED & FARID NEW YORK,https://clios.com/awards/winner/brand-design/new-york-society-for-ethical-culture/no-more-black-targets-29168,NO MORE BLACK TARGETS NEW YORK SOCIETY FOR ETHICAL CULTURE 2017 site:adsspot.me/media,,,,,0
2017-no-one-should-have-no-one-age-uk,2017,AGE UK,NO ONE SHOULD HAVE NO ONE,MG OMD LONDON,https://drum.co.uk/archives/work/no-one-should-have-no-one-at-christmas,NO ONE SHOULD HAVE NO ONE AGE UK 2017 site:adsspot.me/media,,,,,0
2017-one-source-campaign-absolut,2017,ABSOLUT,ONE SOURCE: CAMPAIGN,VMLY&R JOHANNESBURG,https://www.wpp.com/featured/work/2018/06/vml-absolut-one-source,ONE SOURCE: CAMPAIGN ABSOLUT 2017 site:adsspot.me/media,,,,,0
2017-opel-signals-opel-eye,2017,OPEL EYE,OPEL SIGNALS,Y&R MADRID,https://www.jesusmorilla.com/opel-signals,OPEL SIGNALS OPEL EYE 2017 site:adsspot.me/media,,,,,0
2017-outcast-interactive-trailer-possession-begins-cinemax,2017,CINEMAX,OUTCAST INTERACTIVE TRAILER: “POSSESSION BEGINS”,CAMPFIRE AT SAPIENTNITRO NEW YORK,https://clios.com/entertainment/winner/television-streaming-digital-mobile-technique/cinemax-outcast/outcast-interactive-trailer-possession-begins-14134,OUTCAST INTERACTIVE TRAILER: “POSSESSION BEGINS” CINEMAX 2017 site:adsspot.me/media,,,,,0
2017-paris-britney-harry-duracell,2017,DURACELL,"PARIS, BRITNEY, HARRY",GREY JOHANNESBURG,https://www.grey.africa/pf/duracell-radio-spots/,"PARIS, BRITNEY, HARRY DURACELL 2017 site:adsspot.me/media",,,,,0
2017-portrait-completed-kiwi-quality-shoe-care,2017,KIWI QUALITY SHOE CARE,PORTRAIT COMPLETED,OGILVY CHICAGO,https://www.nicolasmejia.com/kiwi-shoe-care,PORTRAIT COMPLETED KIWI QUALITY SHOE CARE 2017 site:adsspot.me/media,,,,,0
2017-protecting-us-nutcase-helmets,2017,NUTCASE HELMETS,PROTECTING US,THE COMMUNITY MIAMI,https://www.marcelopadoca.com/new-page-40,PROTECTING US NUTCASE HELMETS 2017 site:adsspot.me/media,,,,,0
2017-qq-alert-hope-never-dies-qq,2017,QQ,QQ ALERT: HOPE NEVER DIES,TENCENT SHENZHEN,https://www.youtube.com/watch?v=4ZwJCTNT_Ps&ab_channel=XinYang,QQ ALERT: HOPE NEVER DIES QQ 2017 site:adsspot.me/media,,,,,0
2017-radio-collection-of-poophemisims-gui-ling-yuan-fang,2017,GUI LING YUAN FANG,RADIO: COLLECTION OF POOPHEMISIMS,Y&R CAPE TOWN,https://sites.wpp.com/wppedcream/2017/advertising/radio/a-collection-of-poophemisims?c=74ac44fc-c773-45d5-a42c-51d025216eb3,RADIO: COLLECTION OF POOPHEMISIMS GUI LING YUAN FANG 2017 site:adsspot.me/media,,,,,0
2017-sounds-of-conquest-caixa-econ-mica-federal,2017,CAIXA ECONÔMICA FEDERAL,SOUNDS OF CONQUEST,NOVA/SB SÃO PAULO,https://clios.com/sports/winner/integrated-campaign/caixa-economica-federal/sounds-of-conquest-16665,SOUNDS OF CONQUEST CAIXA ECONÔMICA FEDERAL 2017 site:adsspot.me/media,,,,,0
2017-talking-hands-therapy-foundation-for-rheumatic,2017,FOUNDATION FOR RHEUMATIC,TALKING HANDS THERAPY,FLOCK MEXICO,https://clios.com/health/winner/events-experiential-health-wellness/fumerac-fundaci%C3%B3n-mexicana-para-enfermos-reum%C3%A1ti/talking-hands-34022,TALKING HANDS THERAPY FOUNDATION FOR RHEUMATIC 2017 site:adsspot.me/media,,,,,0
2017-the-app-you-ll-be-glad-you-don-t-need-united-we-dream,2017,UNITED WE DREAM,THE APP YOU’LL BE GLAD YOU DON’T NEED,HUGE NEW YORK,https://clios.com/awards/winner/digital-mobile/united-we-dream/notifica-the-app-you-ll-be-glad-you-don-t-need--27657,THE APP YOU’LL BE GLAD YOU DON’T NEED UNITED WE DREAM 2017 site:adsspot.me/media,,,,,0
2017-the-biggest-sports-endorsement-deal-of-all-time-archer-air-superiority,2017,ARCHER AIR SUPERIORITY,THE BIGGEST SPORTS ENDORSEMENT DEAL OF ALL TIME,FCB CHICAGO,https://clios.com/awards/winner/public-relations/archer-wolf-llc/the-biggest-sports-endorsement-deal-of-all-time-27592,THE BIGGEST SPORTS ENDORSEMENT DEAL OF ALL TIME ARCHER AIR SUPERIORITY 2017 site:adsspot.me/media,,,,,0
2017-the-box-that-keeps-giving-godiva,2017,GODIVA,THE BOX THAT KEEPS GIVING,CHOCOLATE MCCANN NEW YORK,https://nelsparkman.com/Godiva-The-Box-That-Keeps-Giving,THE BOX THAT KEEPS GIVING GODIVA 2017 site:adsspot.me/media,,,,,0
2017-the-shared-story-of-harry-and-ahmed-unicef,2017,UNICEF,THE SHARED STORY OF HARRY AND AHMED,180 AMSTERDAM,https://www.dandad.org/awards/professional/2017/digital-marketing/26384/unicef-the-shared-story-of-harry-and-ahmed/,THE SHARED STORY OF HARRY AND AHMED UNICEF 2017 site:adsspot.me/media,,,,,0
2017-the-swimmer-fonds-gehandicapt-ensport,2017,FONDS GEHANDICAPT ENSPORT,THE SWIMMER,TBWA\NEBOKO AMSTERDAM,https://www.adcn.nl/archives/zwemmer,THE SWIMMER FONDS GEHANDICAPT ENSPORT 2017 site:adsspot.me/media,,,,,0
2017-time-to-get-out-there-volkswagen-suv,2017,VOLKSWAGEN-SUV,TIME TO GET OUT THERE,DDB BERLIN,https://ricardowolff.com/VOLKSWAGEN-SUVs,TIME TO GET OUT THERE VOLKSWAGEN-SUV 2017 site:adsspot.me/media,,,,,0
2017-tomcat-facebook-not-live-the-scotts-miracle,2017,NOT LIVE – THE SCOTTS MIRACLE,TOMCAT: FACEBOOK,BARTON F. GRAF NEW YORK,https://www.nickkaplan.com/FACEBOOK-NOT-LIVE,TOMCAT: FACEBOOK NOT LIVE – THE SCOTTS MIRACLE 2017 site:adsspot.me/media,,,,,0
2017-unsuccessful-ticket-sampling-folkoperan,2017,FOLKOPERAN,UNSUCCESSFUL TICKET SAMPLING,INGO STOCKHOLM,https://ingostockholm.se/folkoperan.html,UNSUCCESSFUL TICKET SAMPLING FOLKOPERAN 2017 site:adsspot.me/media,,,,,0
2017-until-we-all-belong-airbnb,2017,AIRBNB,UNTIL WE ALL BELONG,CLEMENGER BBDO MELBOURNE,https://www.youtube.com/watch?v=FHqcfyXcjjU&ab_channel=TheTravelAwards,UNTIL WE ALL BELONG AIRBNB 2017 site:adsspot.me/media,,,,,0
2017-van-gogh-s-bedrooms-art-institute-of-chicago,2017,ART INSTITUTE OF CHICAGO,VAN GOGH’S BEDROOMS,LEO BURNETT CHICAGO,https://www.youtube.com/watch?v=UAdgxQjKX3k&ab_channel=TheTravelAwards,VAN GOGH’S BEDROOMS ART INSTITUTE OF CHICAGO 2017 site:adsspot.me/media,,,,,0
2017-venmo-micro-hack-waterislife,2017,WATERISLIFE,VENMO MICRO HACK,DEUTSCH NEW YORK,http://www.fannyjosefsson.com/water-is-life,VENMO MICRO HACK WATERISLIFE 2017 site:adsspot.me/media,,,,,0
2017-visit-britain-expedia,2017,EXPEDIA,VISIT BRITAIN,180 LOS ANGELES,https://www.youtube.com/watch?v=5pTYlCFjt54&ab_channel=TheTravelAwards,VISIT BRITAIN EXPEDIA 2017 site:adsspot.me/media,,,,,0
2016-3-pretty-playful-minutes-tic-tac,2016,TIC TAC,3 PRETTY PLAYFUL MINUTES,LA COMUNIDAD BUENOS AIRES,https://www.adsoftheworld.com/campaign/tic-tac-la-comunidad-05-2016,3 PRETTY PLAYFUL MINUTES TIC TAC 2016 site:adsspot.me/media,,,,,0
2016-anti-rival-vaccine-corporate-image,2016,CORPORATE IMAGE,ANTI-RIVAL VACCINE,OGILVY SÃO PAULO,https://sites.wpp.com/wppedcream/2016/advertising/promo_activation/anti_rival_vaccine/,ANTI-RIVAL VACCINE CORPORATE IMAGE 2016 site:adsspot.me/media,,,,,0
2016-close-shave-stories-philips,2016,PHILIPS,CLOSE SHAVE STORIES,OGILVY JOHANNESBURG,https://sites.wpp.com/wppedcream/2016/advertising/radio/close_shave_stories/,CLOSE SHAVE STORIES PHILIPS 2016 site:adsspot.me/media,,,,,0
2016-duck-squid-pig-sunlight,2016,SUNLIGHT,"DUCK, SQUID, PIG",MULLENLOWE SINGAPORE,https://www.adsoftheworld.com/campaign/sunlight-lowe-06-2016,"DUCK, SQUID, PIG SUNLIGHT 2016 site:adsspot.me/media",,,,,0
2016-emergency-pin-code-sekron-digital-protection,2016,SEKRON DIGITAL PROTECTION,EMERGENCY PIN CODE,GREY SÃO PAULO,https://sites.wpp.com/wppedcream/2016/digital/emergency_pin_code,EMERGENCY PIN CODE SEKRON DIGITAL PROTECTION 2016 site:adsspot.me/media,,,,,0
2016-fire-emergency-robbery-smart,2016,SMART,"FIRE, EMERGENCY, ROBBERY",CONTRAPUNTO BBDO MADRID,https://www.behance.net/gallery/38625923/Better-to-park-at-the-front-door,"FIRE, EMERGENCY, ROBBERY SMART 2016 site:adsspot.me/media",,,,,0
2016-fish-cardinal-baby-milkman-mini-babybel,2016,MINI BABYBEL,"FISH, CARDINAL, BABY, MILKMAN",Y&R PARIS,https://creativepool.com/jsragency/projects/carioca-studio-win-cannes-lions-for-babybel-,"FISH, CARDINAL, BABY, MILKMAN MINI BABYBEL 2016 site:adsspot.me/media",,,,,0
2016-free-the-kids-persil-omo,2016,PERSIL/OMO,FREE THE KIDS,MULLENLOWE LONDON,https://www.mullenlowegroupuk.com/our-work/unilever-highlights-global-plight-of-childhood-play/,FREE THE KIDS PERSIL/OMO 2016 site:adsspot.me/media,,,,,0
2016-game-of-thrones-shame-soho-pop-up-channel,2016,SOHO POP UP CHANNEL,GAME OF THRONES SHAME,DDB GROUP AUCKLAND,https://kirano.me/portfolio/sky/,GAME OF THRONES SHAME SOHO POP UP CHANNEL 2016 site:adsspot.me/media,,,,,0
2016-hcd-rink-bingo-hcd-merchandise,2016,HCD MERCHANDISE,HCD RINK BINGO,FCB ZURICH,https://clios.com/awards/winner/engagement-experiential/hockey-club-davos/rink-bingo-13217,HCD RINK BINGO HCD MERCHANDISE 2016 site:adsspot.me/media,,,,,0
2016-hill-lamb-moran-brookes-the-times,2016,THE TIMES,"HILL, LAMB, MORAN, BROOKES",CHI + PARTNERS LONDON,https://sites.wpp.com/wppedcream/2016/advertising/outdoor/the_journalist_campaign,"HILL, LAMB, MORAN, BROOKES THE TIMES 2016 site:adsspot.me/media",,,,,0
2016-iammuslim-passop,2016,PASSOP,#IAMMUSLIM,NATIVE VML JOHANNESBURG,https://www.vmlyr.com/en-za/south-africa/work/passop-iammuslim,#IAMMUSLIM PASSOP 2016 site:adsspot.me/media,,,,,0
2016-igugu-khanyi-c-surance,2016,C SURANCE,IGUGU KHANYI,1886 ADVERTISING JOHANNESBURG,https://www.youtube.com/watch?v=rVYd5rD6y3I&ab_channel=CellCSouthAfrica,IGUGU KHANYI C SURANCE 2016 site:adsspot.me/media,,,,,0
2016-igugu-thembi-c-surance,2016,C SURANCE,IGUGU THEMBI,1886 ADVERTISING JOHANNESBURG,https://www.youtube.com/watch?v=ZiAvyugaadg&ab_channel=CellCSouthAfrica,IGUGU THEMBI C SURANCE 2016 site:adsspot.me/media,,,,,0
2016-ikea-decisions-ikea,2016,IKEA,IKEA DECISIONS,DDB GROUP BERLIN,https://ricardowolff.com/IKEA-DECISIONS,IKEA DECISIONS IKEA 2016 site:adsspot.me/media,,,,,0
2016-itv2-itv,2016,ITV,ITV2,ITV CREATIVE LONDON,https://clios.com/awards/winner/brand-design/itv/itv2-13485,ITV2 ITV 2016 site:adsspot.me/media,,,,,0
2016-jabu-darryl-cansa,2016,CANSA,"JABU, DARRYL",FCB CAPE TOWN,https://clios.com/health/winner/film/cansa-the-cancer-association-of-south-africa/darryl-14591,"JABU, DARRYL CANSA 2016 site:adsspot.me/media",,,,,0
2016-jane-sprout,2016,SPROUT,JANE,180LA SANTA MONICA,https://clios.com/music/winner/use-of-music/jane-12697,JANE SPROUT 2016 site:adsspot.me/media,,,,,0
2016-last-nike,2016,NIKE,LAST,WIEDEN+KENNEDY PORTLAND,https://www.youtube.com/watch?v=ptoi8BIdRRQ&ab_channel=nikeindia,LAST NIKE 2016 site:adsspot.me/media,,,,,0
2016-last-one-to-get-married-mom-at-40-magistral,2016,MAGISTRAL,"LAST ONE TO GET MARRIED, MOM AT 40",GREY BUENOS AIRES,https://sites.wpp.com/wppedcream/2016/advertising/radio/last_one_to_get_married_mom,"LAST ONE TO GET MARRIED, MOM AT 40 MAGISTRAL 2016 site:adsspot.me/media",,,,,0
2016-margot-vs-lily-nike-women,2016,NIKE WOMEN,MARGOT VS LILY,WIEDEN + KENNEDY PORTLAND,http://www.darcieburrell.com/margot-vs-lily/2016/12/15/episode-4-trolls,MARGOT VS LILY NIKE WOMEN 2016 site:adsspot.me/media,,,,,0
2016-mctrax-mcdonald-s,2016,MCDONALD’S,MCTRAX,TBWA\NEBOKO AMSTERDAM,https://www.adcn.nl/archives/mctrax,MCTRAX MCDONALD’S 2016 site:adsspot.me/media,,,,,0
2016-meet-halfway-airbnb-paypal,2016,AIRBNB & PAYPAL,MEET HALFWAY,CP+B BOULDER,http://aemile.com/17/project/paypal,MEET HALFWAY AIRBNB & PAYPAL 2016 site:adsspot.me/media,,,,,0
2016-merkel-obama-putin-pope-bi-weekend-supplement,2016,BI WEEKEND SUPPLEMENT,"MERKEL, OBAMA, PUTIN, POPE",Y&R LISBON,https://sites.wpp.com/wppedcream/2016/advertising/print/merkel_obama_pope_putin_kim/,"MERKEL, OBAMA, PUTIN, POPE BI WEEKEND SUPPLEMENT 2016 site:adsspot.me/media",,,,,0
2016-original-samba-bossa-nova-futebol-pier-havaianas,2016,HAVAIANAS,"ORIGINAL: SAMBA, BOSSA NOVA, FUTEBOL, PIER",ALMAPBBDO SÃO PAULO,https://www.lucianolincoln.com/havaianas-1,"ORIGINAL: SAMBA, BOSSA NOVA, FUTEBOL, PIER HAVAIANAS 2016 site:adsspot.me/media",,,,,0
2016-out-there-canada-goose,2016,CANADA GOOSE,OUT THERE,CAA MARKETING LOS ANGELES,https://clios.com/awards/winner/branded-content/canada-goose/out-there-13299,OUT THERE CANADA GOOSE 2016 site:adsspot.me/media,,,,,0
2016-protest-prematek,2016,PREMATEK,PROTEST,FAHRENHEIT DDB LIMA,https://www.adsoftheworld.com/campaign/prematek-ddb-05-2016,PROTEST PREMATEK 2016 site:adsspot.me/media,,,,,0
2016-raising-eyebrows-and-subscriptions-newspaper,2016,NEWSPAPER,RAISING EYEBROWS AND SUBSCRIPTIONS,PROXIMITY LONDON,https://www.impactproximity.com/work/raising-eyebrows-and-subscriptions,RAISING EYEBROWS AND SUBSCRIPTIONS NEWSPAPER 2016 site:adsspot.me/media,,,,,0
2016-safety-instruction-sl-benfica-sponsorship,2016,SL BENFICA SPONSORSHIP,SAFETY INSTRUCTION,O ESCRITÓRIO LISBON,https://clios.com/sports/winner/partnerships-sponsorships-endorsements/emirates-sl-benfica/sl-benfica-safety-instructions-12400,SAFETY INSTRUCTION SL BENFICA SPONSORSHIP 2016 site:adsspot.me/media,,,,,0
2016-shoemaker-watchmaker-keymaker-institutional-africa-s,2016,INSTITUTIONAL (AFRICA S,"SHOEMAKER, WATCHMAKER, KEYMAKER",,https://www.adsoftheworld.com/campaign/espn-africa-06-2016,"SHOEMAKER, WATCHMAKER, KEYMAKER INSTITUTIONAL (AFRICA S 2016 site:adsspot.me/media",,,,,0
2016-slums-housing-colonies-for-worms-zentel,2016,ZENTEL,SLUMS (HOUSING COLONIES) FOR WORMS,MEDULLA COMMUNICATIONS MUMBAI,https://clios.com/health/winner/out-of-home/zentel/slums-housing-colonies-for-worms-14642,SLUMS (HOUSING COLONIES) FOR WORMS ZENTEL 2016 site:adsspot.me/media,,,,,0
2016-step-out-the-samaritans,2016,THE SAMARITANS,STEP OUT,Y&R SHANGHAI,https://sites.wpp.com/wppedcream/2016/advertising/outdoor/step_out,STEP OUT THE SAMARITANS 2016 site:adsspot.me/media,,,,,0
2016-student-gameboy-painter-xalatan,2016,XALATAN,"STUDENT, GAMEBOY, PAINTER",MCCANN HEALTH HONG KONG,https://www.adsoftheworld.com/campaign/xalatan-mccann-04-2016,"STUDENT, GAMEBOY, PAINTER XALATAN 2016 site:adsspot.me/media",,,,,0
2016-the-barbwire-campaign-amnesty-international,2016,AMNESTY INTERNATIONAL,THE BARBWIRE CAMPAIGN,OGILVY FRANKFURT,https://clios.com/awards/winner/brand-design/amnesty-international/the-barbwire-campaign-12886,THE BARBWIRE CAMPAIGN AMNESTY INTERNATIONAL 2016 site:adsspot.me/media,,,,,0
2016-the-bullet-pen-ministry-of-national-education,2016,MINISTRY OF NATIONAL EDUCATION,THE BULLET PEN,MCCANN BOGOTÁ,https://clios.com/awards/winner/public-relations/the-bulletpen-12870,THE BULLET PEN MINISTRY OF NATIONAL EDUCATION 2016 site:adsspot.me/media,,,,,0
2016-the-dilemma-beer,2016,BEER,THE DILEMMA,STARCOM MEDIAVEST GROUP MILAN,https://clios.com/sports/winner/partnerships-sponsorships-endorsements/heineken/the-dilemma-12530,THE DILEMMA BEER 2016 site:adsspot.me/media,,,,,0
2016-the-full-story-het-parool,2016,HET PAROOL,THE FULL STORY,JWT AMSTERDAM,https://www.adcn.nl/archives/the-full-story,THE FULL STORY HET PAROOL 2016 site:adsspot.me/media,,,,,0
2016-the-sab-spike-detector-coaster-south-african-breweries,2016,SOUTH AFRICAN BREWERIES,THE SAB SPIKE DETECTOR COASTER,GEOMETRY JOHANNESBURG,https://sites.wpp.com/wppedcream/2016/direct/ambient/the_sab_spike_detector_coaster,THE SAB SPIKE DETECTOR COASTER SOUTH AFRICAN BREWERIES 2016 site:adsspot.me/media,,,,,0
2016-the-super-bowl-dunk-gatorade,2016,GATORADE,THE SUPER BOWL DUNK,VMLY&R KANSAS,https://clios.com/sports/winner/social-media/gatorade/the-super-bowl-dunk-12568,THE SUPER BOWL DUNK GATORADE 2016 site:adsspot.me/media,,,,,0
2016-ultimate-death-scene-sea-shepherd,2016,SEA SHEPHERD,ULTIMATE DEATH SCENE,THE WORKS SYDNEY,http://kimberliesanders.com/seashepherdultimatedeathscene,ULTIMATE DEATH SCENE SEA SHEPHERD 2016 site:adsspot.me/media,,,,,0
2016-weber-bbq-cultures-weber-grills,2016,WEBER GRILLS,WEBER BBQ CULTURES,UNCLE GREY COPENHAGEN,https://www.adcn.nl/archives/weber-bbq-cultures,WEBER BBQ CULTURES WEBER GRILLS 2016 site:adsspot.me/media,,,,,0
2016-whopper-sign-burger-king,2016,BURGER KING,WHOPPER SIGN,DAVID MIAMI,https://clios.com/awards/winner/social-media/burger-king/whopper-sign-13235,WHOPPER SIGN BURGER KING 2016 site:adsspot.me/media,,,,,0
2016-wiener-stampede-heinz,2016,HEINZ,WIENER STAMPEDE,DAVID MIAMI,https://clios.com/awards/winner/film/wiener-stampede-13289,WIENER STAMPEDE HEINZ 2016 site:adsspot.me/media,,,,,0
2015-a-bit-bitter-farnham,2015,FARNHAM,A BIT BITTER,LG2 QUÉBEC,https://www.adsoftheworld.com/campaign/farnham-ale-lager-lg2-12-2014,A BIT BITTER FARNHAM 2015 site:adsspot.me/media,,,,,0
2015-blind-trip-ministry-of-transportation-and-tourism,2015,MINISTRY OF TRANSPORTATION AND TOURISM,BLIND TRIP,MARURI GREY GUAYAQUIL,https://clios.com/awards/winner/direct/ministry-of-transportation-and-tourism/blind-trip-1285,BLIND TRIP MINISTRY OF TRANSPORTATION AND TOURISM 2015 site:adsspot.me/media,,,,,0
2015-carpet-rug-protector-scotchgard,2015,SCOTCHGARD,CARPET & RUG PROTECTOR,MULLENLOWE SINGAPORE,https://www.adsoftheworld.com/campaign/scotchgard-lowe-12-2015,CARPET & RUG PROTECTOR SCOTCHGARD 2015 site:adsspot.me/media,,,,,0
2015-indifference-museo-memoria-y-tolerancia,2015,MUSEO MEMORIA Y TOLERANCIA,INDIFFERENCE,MADE MEXICO CITY,https://www.adsoftheworld.com/campaign/museum-of-memory-tolerance-made-07-2015,INDIFFERENCE MUSEO MEMORIA Y TOLERANCIA 2015 site:adsspot.me/media,,,,,0
2015-keep-out-of-children-s-reach-santana-drugstore,2015,SANTANA DRUGSTORE,KEEP OUT OF CHILDREN’S REACH,REVOLUTION BRAZIL,http://www.bestadsontv.com/files/print/2014/Dec/67520_EnglishSantana.jpg,KEEP OUT OF CHILDREN’S REACH SANTANA DRUGSTORE 2015 site:adsspot.me/media,,,,,0
2015-learning-on-the-way-adn,2015,ADN,LEARNING ON THE WAY,BBDO BOGOTA,https://clios.com/awards/winner/audio/adn/learning-on-the-way-13106,LEARNING ON THE WAY ADN 2015 site:adsspot.me/media,,,,,0
2015-rotten-cells-fischel-drugstores,2015,FISCHEL DRUGSTORES,ROTTEN CELLS,BBDO SAN JOSE,https://clios.com/health/winner/out-of-home/fischel-drugstores/rotten-cells-1432,ROTTEN CELLS FISCHEL DRUGSTORES 2015 site:adsspot.me/media,,,,,0
2015-some-stains-are-not-meant-to-disappear-green-works,2015,GREEN WORKS,SOME STAINS ARE NOT MEANT TO DISAPPEAR,ALMA MIAMI,https://www.adsoftheworld.com/campaign/green-works-alma-04-2015,SOME STAINS ARE NOT MEANT TO DISAPPEAR GREEN WORKS 2015 site:adsspot.me/media,,,,,0
2015-the-cancer-sutra-stupid-cancer,2015,STUPID CANCER,THE CANCER SUTRA,THE BULL-WHITE HOUSE NEW YORK,http://jephedrine.com/cancer-sutra,THE CANCER SUTRA STUPID CANCER 2015 site:adsspot.me/media,,,,,0
2015-the-monster-smart-launch-smart,2015,SMART,THE MONSTER-SMART LAUNCH,BBDO BERLIN,https://clios.com/awards/winner/direct/daimler-ag-smart-mm/the-monster-smart-launch-13,THE MONSTER-SMART LAUNCH SMART 2015 site:adsspot.me/media,,,,,0
2015-the-return-of-coach-lasso-nbc-sports,2015,NBC SPORTS,THE RETURN OF COACH LASSO,THE BROOKLYN BROTHERS NEW YORK,https://clios.com/sports/winner/film/nbc-sports/the-return-of-coach-lasso-2319,THE RETURN OF COACH LASSO NBC SPORTS 2015 site:adsspot.me/media,,,,,0
2015-the-weddinglope-rosenthal,2015,ROSENTHAL,THE WEDDINGLOPE,KOLLE REBBE HAMBURG,https://clios.com/awards/winner/design/rosenthal/the-weddinglope-326,THE WEDDINGLOPE ROSENTHAL 2015 site:adsspot.me/media,,,,,0
2015-unforgettable-shots-shopping-sp-market-caminho-de-volta-project,2015,SHOPPING SP MARKET/CAMINHO DE VOLTA PROJECT,UNFORGETTABLE SHOTS,AFRICA SÃO PAULO,https://clios.com/awards/winner/out-of-home/shopping-sp-market-projeto-caminho-de-volta/unforgettable-shots-1184,UNFORGETTABLE SHOTS SHOPPING SP MARKET/CAMINHO DE VOLTA PROJECT 2015 site:adsspot.me/media,,,,,0
2015-viaoptadaily-novartis,2015,NOVARTIS,VIAOPTADAILY,ARWORKS BUDAPEST,https://www.youtube.com/watch?v=1iU541hQz0c,VIAOPTADAILY NOVARTIS 2015 site:adsspot.me/media,,,,,0
2015-you-give-more-than-just-blood-city-of-buenos-aires,2015,CITY OF BUENOS AIRES,YOU GIVE MORE THAN JUST BLOOD,THE COMMUNITY MIAMI,https://www.adsoftheworld.com/campaign/city-of-buenos-aires-la-comunidad-12-2015,YOU GIVE MORE THAN JUST BLOOD CITY OF BUENOS AIRES 2015 site:adsspot.me/media,,,,,0
2014-amazing-street-hacks-watchdogs,2014,WATCHDOGS,AMAZING STREET HACKS,BETC PARIS,https://www.youtube.com/watch?v=gbswS7AcrnI&ab_channel=HavasGroup,AMAZING STREET HACKS WATCHDOGS 2014 site:adsspot.me/media,,,,,0
2014-boardwalk-old-spice,2014,OLD SPICE,BOARDWALK,WIEDEN+KENNEDY PORTLAND,https://www.youtube.com/watch?v=1BOfhSVUI38&ab_channel=AdFibs.Com,BOARDWALK OLD SPICE 2014 site:adsspot.me/media,,,,,0
2014-cat-lady-devondale-long-life-milk,2014,DEVONDALE LONG LIFE MILK,CAT LADY,DDB MELBOURNE,https://www.youtube.com/watch?v=AqrnQ1KdR20&ab_channel=AndrewKovalenko,CAT LADY DEVONDALE LONG LIFE MILK 2014 site:adsspot.me/media,,,,,0
2014-central-park-conservancy-receptacles-central-park,2014,CENTRAL PARK,CENTRAL PARK CONSERVANCY RECEPTACLES,LANDOR ASSOCIATES NEW YORK,https://landor.com/work/central-park-conservancy,CENTRAL PARK CONSERVANCY RECEPTACLES CENTRAL PARK 2014 site:adsspot.me/media,,,,,0
2014-crack-snog-sack-road-lodge,2014,ROAD LODGE,"CRACK, SNOG, SACK",TBWA\\HUNT\\LASCARIS JOHANNESBURG,https://www.adsoftheworld.com/campaign/road-lodge-tbwa-06-2014,"CRACK, SNOG, SACK ROAD LODGE 2014 site:adsspot.me/media",,,,,0
2014-daddy-citroen,2014,CITROEN,DADDY,LES GAULOIS PARIS,https://www.youtube.com/watch?v=cE-1DNrcls4&ab_channel=HavasGroup,DADDY CITROEN 2014 site:adsspot.me/media,,,,,0
2014-diana-tunnel-napalm-girl-mandela-in-prison-mail-guardian,2014,MAIL & GUARDIAN,"DIANA TUNNEL,NAPALM GIRL,MANDELA IN PRISON",TBWA\\HUNT\\LASCARIS JOHANNESBURG,https://www.adsoftheworld.com/campaign/mail-guardian-tbwa-06-2014,"DIANA TUNNEL,NAPALM GIRL,MANDELA IN PRISON MAIL & GUARDIAN 2014 site:adsspot.me/media",,,,,0
2014-friend-compass-momondo,2014,MOMONDO,FRIEND COMPASS,MCCANN LONDON,https://www.youtube.com/watch?v=I2hi1wZcjOA&ab_channel=McCannParis,FRIEND COMPASS MOMONDO 2014 site:adsspot.me/media,,,,,0
2014-limousine-directory-golf-jewelry-jet-tinka-lottery,2014,TINKA LOTTERY,"LIMOUSINE, DIRECTORY, GOLF, JEWELRY, JET",PUBLICIS LIMA,https://www.adsoftheworld.com/campaign/tinka-lottery-publicis-06-2014,"LIMOUSINE, DIRECTORY, GOLF, JEWELRY, JET TINKA LOTTERY 2014 site:adsspot.me/media",,,,,0
2014-nature-is-tricky-jeep-leo-burnett-tailor-made-s,2014,JEEP (LEO BURNETT TAILOR MADE S,NATURE IS TRICKY,,https://www.adsoftheworld.com/campaign/jeep-leo-burnett-07-2014,NATURE IS TRICKY JEEP (LEO BURNETT TAILOR MADE S 2014 site:adsspot.me/media,,,,,0
2014-plastic-bag-kids-grandma-dudes-sm-eco-bag,2014,SM ECO BAG,"PLASTIC BAG: KIDS, GRANDMA, DUDES",LOWE MAKATI CITY,https://www.adsoftheworld.com/campaign/sm-eco-bag-lowe-06-2014,"PLASTIC BAG: KIDS, GRANDMA, DUDES SM ECO BAG 2014 site:adsspot.me/media",,,,,0
2014-punks-duck-hunters-bikers-rothammer,2014,ROTHAMMER,"PUNKS, DUCK HUNTERS, BIKERS",PROLAM Y&R SANTIAGO,https://www.adsoftheworld.com/campaign/rothhammer-yr-06-2014,"PUNKS, DUCK HUNTERS, BIKERS ROTHAMMER 2014 site:adsspot.me/media",,,,,0
2014-rebirth-of-sound-dtac,2014,DTAC,REBIRTH OF SOUND,Y&R BANGKOK,https://www.wppstream.com/wpp/wppedcream/2015/healthcare/public-service/rebirth_of_sound,REBIRTH OF SOUND DTAC 2014 site:adsspot.me/media,,,,,0
2014-remote-control-tourist-melbourne,2014,MELBOURNE,REMOTE CONTROL TOURIST,TOOL LOS ANGELES,https://www.toolofna.com/work/remote-control-tourist,REMOTE CONTROL TOURIST MELBOURNE 2014 site:adsspot.me/media,,,,,0
2014-roquefort-pistache-jamon-santa-casa-de-miseric-rdia,2014,SANTA CASA DE MISERICÓRDIA,"ROQUEFORT, PISTACHE, JAMON",Y&R SÃO PAULO,https://www.adsoftheworld.com/campaign/santa-casa-de-misericordia-yr-03-2014,"ROQUEFORT, PISTACHE, JAMON SANTA CASA DE MISERICÓRDIA 2014 site:adsspot.me/media",,,,,0
2014-roquefort-pistache-jamon-santa-casa-de-miseric-rdia-y-r-s,2014,SANTA CASA DE MISERICÓRDIA (Y&R S,"ROQUEFORT, PISTACHE, JAMON",,https://www.adsoftheworld.com/campaign/santa-casa-de-misericordia-yr-03-2014,"ROQUEFORT, PISTACHE, JAMON SANTA CASA DE MISERICÓRDIA (Y&R S 2014 site:adsspot.me/media",,,,,0
2014-seductive-intriguing-heroic-classy-sexy-axe,2014,AXE,"SEDUCTIVE,INTRIGUING,HEROIC,CLASSY,SEXY",PONCE BUENOS AIRES,https://www.adsoftheworld.com/campaign/axe-lowe-06-2014,"SEDUCTIVE,INTRIGUING,HEROIC,CLASSY,SEXY AXE 2014 site:adsspot.me/media",,,,,0
2014-sports-car-vintage-car-truck-howard-s-auto-body,2014,HOWARD’S AUTO BODY,"SPORTS CAR, VINTAGE CAR, TRUCK",FITZGERALD+CO ATLANTA,https://www.adsoftheworld.com/campaign/howards-auto-body-fitzgeraldco-06-2014,"SPORTS CAR, VINTAGE CAR, TRUCK HOWARD’S AUTO BODY 2014 site:adsspot.me/media",,,,,0
2014-stop-one-stop-them-all-wwf,2014,WWF,STOP ONE. STOP THEM ALL,LEO BURNETT SYDNEY,https://www.adsoftheworld.com/campaign/wwf-leo-burnett-06-2014,STOP ONE. STOP THEM ALL WWF 2014 site:adsspot.me/media,,,,,0
2014-the-big-leap-lacoste,2014,LACOSTE,THE BIG LEAP,BETC DIGITAL PARIS,https://www.youtube.com/watch?v=BzB3KW4uBhw&ab_channel=HavasGroup,THE BIG LEAP LACOSTE 2014 site:adsspot.me/media,,,,,0
2014-the-day-i-visited-my-son-comfort,2014,COMFORT,THE DAY I VISITED MY SON,OGILVY SINGAPORE,https://clios.com/awards/winner/branded-entertainment-content/the-day-i-visited-my-son-a-true-story-3582,THE DAY I VISITED MY SON COMFORT 2014 site:adsspot.me/media,,,,,0
2014-the-most-serious-game-ever-transport,2014,TRANSPORT,THE MOST SERIOUS GAME EVER,TBWA\\PARIS,https://clios.com/awards/winner/digital-social/the-most-serious-game-ever-3590,THE MOST SERIOUS GAME EVER TRANSPORT 2014 site:adsspot.me/media,,,,,0
2014-the-sleeping-supporter-citro-n,2014,CITROËN,THE SLEEPING SUPPORTER,LES GAULOIS PARIS,https://www.youtube.com/watch?v=rCoNYiffjEQ&ab_channel=HavasGroup,THE SLEEPING SUPPORTER CITROËN 2014 site:adsspot.me/media,,,,,0
2014-william-daddy-e-s-cvv,2014,CVV,"WILLIAM, DADDY, E.S",LEO BURNETT TAILOR MADE SÃO PAULO,https://www.adsoftheworld.com/campaign/cvv-leo-burnett-06-2014,"WILLIAM, DADDY, E.S CVV 2014 site:adsspot.me/media",,,,,0
2013-a-dog-makes-your-life-happier-pedigree,2013,PEDIGREE,A DOG MAKES YOUR LIFE HAPPIER,BBDO SÃO PAULO,https://www.adsoftheworld.com/campaign/pedigree-bbdo-06-2013,A DOG MAKES YOUR LIFE HAPPIER PEDIGREE 2013 site:adsspot.me/media,,,,,0
2013-absolut-unique-absolut-vodka,2013,ABSOLUT VODKA,ABSOLUT UNIQUE,SATUMAA FAMILY BUSINESS STOCKHOLM,https://www.absolut.com/gulf/absolutcollaborations/absolut-unique/,ABSOLUT UNIQUE ABSOLUT VODKA 2013 site:adsspot.me/media,,,,,0
2013-all-the-muscles-you-need-stihl,2013,STIHL,ALL THE MUSCLES YOU NEED,PUBLICIS BRUSSELS,https://www.adsoftheworld.com/campaign/stihl-publicis-05-2013,ALL THE MUSCLES YOU NEED STIHL 2013 site:adsspot.me/media,,,,,0
2013-botox-ray-ban,2013,RAY BAN,BOTOX,MARCEL PARIS,https://clios.com/awards/winner/out-of-home/botox-3451,BOTOX RAY BAN 2013 site:adsspot.me/media,,,,,0
2013-championship-palmers,2013,PALMERS,CHAMPIONSHIP,SIMPLE SANTIAGO,https://www.adsoftheworld.com/campaign/palmers-simple-07-2013,CHAMPIONSHIP PALMERS 2013 site:adsspot.me/media,,,,,0
2013-clouds-over-cuba-the-jfk-presidential-library-museum,2013,THE JFK PRESIDENTIAL LIBRARY & MUSEUM,CLOUDS OVER CUBA,THE MARTIN AGENCY RICHMOND,https://clios.com/awards/winner/film/clouds-over-cuba-5698,CLOUDS OVER CUBA THE JFK PRESIDENTIAL LIBRARY & MUSEUM 2013 site:adsspot.me/media,,,,,0
2013-dikembe-mutombo-s-4-1-2-weeks-to-save-the-world-old-spice,2013,OLD SPICE,DIKEMBE MUTOMBO’S 4 1/2 WEEKS TO SAVE THE WORLD,WIEDEN+KENNEDY PORTLAND,https://www.youtube.com/watch?v=tbgU8oNdJ5Q&t=1s,DIKEMBE MUTOMBO’S 4 1/2 WEEKS TO SAVE THE WORLD OLD SPICE 2013 site:adsspot.me/media,,,,,0
2013-ex-vs-bride-yakuza-vs-man-granny-vs-sado-chez-restaurant,2013,CHEZ RESTAURANT,"EX VS BRIDE,YAKUZA VS MAN,GRANNY VS SADO",Y&R SÃO PAULO,https://www.adsoftheworld.com/campaign/chez-restaurant-yr-07-2013,"EX VS BRIDE,YAKUZA VS MAN,GRANNY VS SADO CHEZ RESTAURANT 2013 site:adsspot.me/media",,,,,0
2013-farmer-s-lad-hovis-bakery,2013,HOVIS BAKERY,FARMER’S LAD,ACADEMY FILMS LONDON,https://www.youtube.com/watch?v=FF_1r65LrBk&ab_channel=Hovis,FARMER’S LAD HOVIS BAKERY 2013 site:adsspot.me/media,,,,,0
2013-fly-bees-mosquitos-westone,2013,WESTONE,"FLY, BEES, MOSQUITOS",DDB HONG KONG,https://www.adsoftheworld.com/campaign/westone-ddb-07-2013,"FLY, BEES, MOSQUITOS WESTONE 2013 site:adsspot.me/media",,,,,0
2013-good-paper-project-bio-farm-organic-fertilizer,2013,BIO FARM ORGANIC FERTILIZER,GOOD PAPER PROJECT,LEO BURNETT MUMBAI,https://clios.com/awards/winner/design/good-paper-project-2597,GOOD PAPER PROJECT BIO FARM ORGANIC FERTILIZER 2013 site:adsspot.me/media,,,,,0
2013-hear-it-live-beijing-sports-radio,2013,BEIJING SPORTS RADIO,HEAR IT LIVE,OGILVY HONG KONG,https://www.adsoftheworld.com/campaign/beijing-sports-radio-ogilvy-01-2013,HEAR IT LIVE BEIJING SPORTS RADIO 2013 site:adsspot.me/media,,,,,0
2013-it-never-goes-away-cpcr,2013,CPCR,IT NEVER GOES AWAY,LEO BURNETT BANGKOK,https://www.adsoftheworld.com/campaign/the-center-for-protection-of-childrens-rights-foundation-leo-burnett-08-2013,IT NEVER GOES AWAY CPCR 2013 site:adsspot.me/media,,,,,0
2013-launch-site-on-ebay-volvo-trucks,2013,VOLVO TRUCKS,LAUNCH SITE ON EBAY,FORSMAN & BODENFORS GOTHENBURG,https://forsman.co/work/volvo-trucks/the-launch-site-on-ebay,LAUNCH SITE ON EBAY VOLVO TRUCKS 2013 site:adsspot.me/media,,,,,0
2013-moto-dog-drums-meccano-games-toys,2013,MECCANO GAMES & TOYS,"MOTO, DOG, DRUMS",Y&R PARIS,https://www.adsoftheworld.com/campaign/meccano-yr-07-2012,"MOTO, DOG, DRUMS MECCANO GAMES & TOYS 2013 site:adsspot.me/media",,,,,0
2013-noose-building-train-world-for-all,2013,WORLD FOR ALL,"NOOSE, BUILDING, TRAIN",OGILVY MUMBAI,https://www.adsoftheworld.com/campaign/world-for-all-ogilvy-01-2013,"NOOSE, BUILDING, TRAIN WORLD FOR ALL 2013 site:adsspot.me/media",,,,,0
2013-nutcase-s-outdoor-fitting-room-nutcase-bike-helmets,2013,NUTCASE BIKE HELMETS,NUTCASE’S OUTDOOR FITTING ROOM,OGILVY COPENHAGEN,https://www.youtube.com/watch?v=CX2nvG_O6ic&ab_channel=OgilvyDanmark,NUTCASE’S OUTDOOR FITTING ROOM NUTCASE BIKE HELMETS 2013 site:adsspot.me/media,,,,,0
2013-parental-control-bar-wraac,2013,WRAAC,PARENTAL CONTROL BAR,LATINWORKS AUSTIN,https://rotch.me/Parental-Control,PARENTAL CONTROL BAR WRAAC 2013 site:adsspot.me/media,,,,,0
2013-story-changes-ecofill,2013,ECOFILL,STORY CHANGES,OGILVY BOGOTÁ,https://www.adsoftheworld.com/campaign/ecofill-ogilvy-06-2013,STORY CHANGES ECOFILL 2013 site:adsspot.me/media,,,,,0
2013-suspect-journey-arrival-mistake-scrabble,2013,SCRABBLE,"SUSPECT, JOURNEY, ARRIVAL, MISTAKE",PEREIRA & O’DELL SAN FRANCISCO,https://www.adsoftheworld.com/campaign/scrabble-pereira-odell-02-2013,"SUSPECT, JOURNEY, ARRIVAL, MISTAKE SCRABBLE 2013 site:adsspot.me/media",,,,,0
2013-the-future-of-the-fashion-show-topshop,2013,TOPSHOP,THE FUTURE OF THE FASHION SHOW,TOPSHOP LONDON,https://www.youtube.com/watch?v=5TAF9OfL99g&ab_channel=Topshop,THE FUTURE OF THE FASHION SHOW TOPSHOP 2013 site:adsspot.me/media,,,,,0
2013-the-most-powerful-arm-ever-invented-save-our-sons,2013,SAVE OUR SONS,THE MOST POWERFUL ARM EVER INVENTED,RED AGENCY SYDNEY,https://www.youtube.com/watch?v=afR-7F31Tco,THE MOST POWERFUL ARM EVER INVENTED SAVE OUR SONS 2013 site:adsspot.me/media,,,,,0
2013-the-power-of-cute-the-royal-borough-of-greenwich,2013,THE ROYAL BOROUGH OF GREENWICH,THE POWER OF CUTE,OGILVY LONDON,https://www.youtube.com/watch?v=qsGCtQcUDZk,THE POWER OF CUTE THE ROYAL BOROUGH OF GREENWICH 2013 site:adsspot.me/media,,,,,0
2013-the-world-s-most-powerful-banner-neckermann,2013,NECKERMANN,THE WORLD’S MOST POWERFUL BANNER,OGILVY FRANKFURT,https://clios.com/awards/winner/public-relations/the-worlds-most-powerful-banner-5352,THE WORLD’S MOST POWERFUL BANNER NECKERMANN 2013 site:adsspot.me/media,,,,,0
2013-weyland-s-2023-ted-talk-prometheus,2013,PROMETHEUS,WEYLAND’S 2023 TED TALK,RSA FILMS NEW YORK,https://www.youtube.com/watch?v=dQpGwnN3dfc&ab_channel=Prometheus,WEYLAND’S 2023 TED TALK PROMETHEUS 2013 site:adsspot.me/media,,,,,0
2013-window-shopping-adidas,2013,ADIDAS,WINDOW SHOPPING,TBWA HELSINKI,https://www.youtube.com/watch?v=MYBURgFgP7w,WINDOW SHOPPING ADIDAS 2013 site:adsspot.me/media,,,,,0
2013-you-can-t-get-any-close-to-the-news-cape-times,2013,CAPE TIMES,YOU CAN’T GET ANY CLOSE TO THE NEWS.,LOWE & PARTNERS CAPE TOWN,https://www.adsoftheworld.com/campaign/cape-times-lowe-12-2012,YOU CAN’T GET ANY CLOSE TO THE NEWS. CAPE TIMES 2013 site:adsspot.me/media,,,,,0
2012-adult-action-epic-cine-las-americas,2012,CINE LAS AMERICAS,"ADULT, ACTION, EPIC",LATINWORKS AUSTIN,https://www.adsoftheworld.com/campaign/cine-las-americas-latinworks-05-2012,"ADULT, ACTION, EPIC CINE LAS AMERICAS 2012 site:adsspot.me/media",,,,,0
2012-commander-santher-nappies,2012,SANTHER NAPPIES,COMMANDER,TALENT SÃO PAULO,https://www.adsoftheworld.com/campaign/santher-talent-06-2012,COMMANDER SANTHER NAPPIES 2012 site:adsspot.me/media,,,,,0
2012-dulcinea-maria-antonieta-stabilo-boss,2012,STABILO BOSS,"DULCINEA, MARIA ANTONIETA",Y&R SANTIAGO,https://www.adsoftheworld.com/campaign/stabilo-yr-01-2012,"DULCINEA, MARIA ANTONIETA STABILO BOSS 2012 site:adsspot.me/media",,,,,0
2012-live-explosions-pilsen,2012,PILSEN,LIVE EXPLOSIONS,HAVAS GURISA MONTEVIDEO,https://www.youtube.com/watch?v=BrAWljg9yZs,LIVE EXPLOSIONS PILSEN 2012 site:adsspot.me/media,,,,,0
2012-mis-matsch-goteborgsoperan,2012,GOTEBORGSOPERAN,MIS-MATSCH,FORSMAN & BODENFORS GOTHENBURG,https://forsman.co/work/goteborgsoperan/mis-match,MIS-MATSCH GOTEBORGSOPERAN 2012 site:adsspot.me/media,,,,,0
2012-mud-adventures-bravery-omo,2012,OMO,"MUD, ADVENTURES, BRAVERY",DLKW LOWE LONDON,https://www.adsoftheworld.com/campaign/omo-lowe-07-2012,"MUD, ADVENTURES, BRAVERY OMO 2012 site:adsspot.me/media",,,,,0
2012-nissan-rumble-nissan,2012,NISSAN,NISSAN RUMBLE,TBWA\PHS HELSINKI,https://www.youtube.com/watch?v=tkqLVdi1Wj4&ab_channel=TBWAHelsinki,NISSAN RUMBLE NISSAN 2012 site:adsspot.me/media,,,,,0
2012-one-letter-is-all-it-takes-claro,2012,CLARO,ONE LETTER IS ALL IT TAKES,OGILVY SÃO PAULO,https://osocio.org/message/one-letter-is-all-it-takes/,ONE LETTER IS ALL IT TAKES CLARO 2012 site:adsspot.me/media,,,,,0
2012-only-free-is-cheaper-tele2,2012,TELE2,ONLY FREE IS CHEAPER,FORSMAN & BODENFORS GOTHENBURG,https://forsman.co/work/tele2/only-free-is-cheaper,ONLY FREE IS CHEAPER TELE2 2012 site:adsspot.me/media,,,,,0
2012-parking-ticket-t-mobile,2012,T MOBILE,PARKING TICKET,SAATCHI & SAATCHI LONDON,https://www.youtube.com/watch?v=c5-i5DqbmdI&ab_channel=lifesforsharing,PARKING TICKET T MOBILE 2012 site:adsspot.me/media,,,,,0
2012-reclaim-your-space-bajaj,2012,BAJAJ,RECLAIM YOUR SPACE,LEO BURNETT MUMBAI,https://www.adsoftheworld.com/campaign/bajaj-leo-burnett-05-2012,RECLAIM YOUR SPACE BAJAJ 2012 site:adsspot.me/media,,,,,0
2012-snow-white-and-sherlock-holmes-harry-potter-and-troy-little-red-riding-hood-and-moby-dick-colsubsidio,2012,COLSUBSIDIO,"SNOW WHITE AND SHERLOCK HOLMES, HARRY POTTER AND TROY, LITTLE RED RIDING HOOD AND MOBY DICK",LOWE SSP3 BOGOTA,https://www.adsoftheworld.com/campaign/colsubsidio-lowe-04-2012,"SNOW WHITE AND SHERLOCK HOLMES, HARRY POTTER AND TROY, LITTLE RED RIDING HOOD AND MOBY DICK COLSUBSIDIO 2012 site:adsspot.me/media",,,,,0
2012-swedish-national-parks-swedish-environmental-protection-agency,2012,SWEDISH ENVIRONMENTAL PROTECTION AGENCY,SWEDISH NATIONAL PARKS,HAPPY F&B GOTHENBURG,https://happy.fb.se/project/sveriges-nationalparker/,SWEDISH NATIONAL PARKS SWEDISH ENVIRONMENTAL PROTECTION AGENCY 2012 site:adsspot.me/media,,,,,0
2012-tap-fuse-box-filing-cabinet-carburetor-medicins-sans-frontieres,2012,MEDICINS SANS FRONTIERES,"TAP, FUSE BOX, FILING CABINET, CARBURETOR",M&C SAATCHI SYDNEY,https://www.adsoftheworld.com/campaign/medecins-sans-frontieres-mc-saatchi-05-2012,"TAP, FUSE BOX, FILING CABINET, CARBURETOR MEDICINS SANS FRONTIERES 2012 site:adsspot.me/media",,,,,0
2012-walk-of-shame-harvey-nichols,2012,HARVEY NICHOLS,WALK OF SHAME,ADAM&EVEDDB LONDON,https://www.youtube.com/watch?v=qKVbQrUxBY8,WALK OF SHAME HARVEY NICHOLS 2012 site:adsspot.me/media,,,,,0
2011-baby-aircraft-road-crossing-prism-rolling-stone-magazine,2011,ROLLING STONE MAGAZINE,"BABY, AIRCRAFT, ROAD CROSSING, PRISM",OGILVY FRANKFURT,https://www.adsoftheworld.com/campaign/rolling-stone-ogilvy-06-2010,"BABY, AIRCRAFT, ROAD CROSSING, PRISM ROLLING STONE MAGAZINE 2011 site:adsspot.me/media",,,,,0
2011-blind-man-nerd-body-builder-snickers,2011,SNICKERS,"BLIND MAN, NERD, BODY BUILDER",BBDO BOULOGNE-BILLANCOURT,https://www.adsoftheworld.com/campaign/snickers-bbdo-07-2011,"BLIND MAN, NERD, BODY BUILDER SNICKERS 2011 site:adsspot.me/media",,,,,0
2011-boys-girls-tower-hamlets,2011,TOWER HAMLETS,"BOYS, GIRLS",AMVBBDO LONDON,https://www.adsoftheworld.com/campaign/tower-hamlets-bbdo-06-2011,"BOYS, GIRLS TOWER HAMLETS 2011 site:adsspot.me/media",,,,,0
2011-cat-dog-rabbit-bubbles-pet-cologne,2011,BUBBLES PET COLOGNE,"CAT, DOG, RABBIT",GREY JAKARTA,https://www.adsoftheworld.com/campaign/bubbles-grey-06-2011,"CAT, DOG, RABBIT BUBBLES PET COLOGNE 2011 site:adsspot.me/media",,,,,0
2011-chicken-lips-traffic-retail-tax-dodger-doctor-railways-ibm,2011,IBM,"CHICKEN LIPS, TRAFFIC, RETAIL, TAX DODGER, DOCTOR, RAILWAYS",OGILVY PARIS,https://clios.com/awards/winner/design/traffic-retail-chicken-lips-tax-dodger-doctor-rail-9112,"CHICKEN LIPS, TRAFFIC, RETAIL, TAX DODGER, DOCTOR, RAILWAYS IBM 2011 site:adsspot.me/media",,,,,0
2011-commuter-office-worker-runner-ms-waikato,2011,MS WAIKATO,"COMMUTER, OFFICE WORKER, RUNNER",COLENSO BBDO AUCKLAND,https://www.adsoftheworld.com/campaign/multiple-sclerosis-society-bbdo-06-2011,"COMMUTER, OFFICE WORKER, RUNNER MS WAIKATO 2011 site:adsspot.me/media",,,,,0
2011-donated-songs-salvation-army,2011,SALVATION ARMY,DONATED SONGS,WIRZ ZURICH,https://www.youtube.com/watch?v=2mQNCN7tS98&ab_channel=WirzGruppe,DONATED SONGS SALVATION ARMY 2011 site:adsspot.me/media,,,,,0
2011-exploitation-smuggling-riot-new-straits-times,2011,NEW STRAITS TIMES,"EXPLOITATION, SMUGGLING, RIOT",MCCANN KUALA LUMPUR,https://www.adsoftheworld.com/campaign/new-straits-times-mccann-12-2010,"EXPLOITATION, SMUGGLING, RIOT NEW STRAITS TIMES 2011 site:adsspot.me/media",,,,,0
2011-famous-speeches-collection-walls-editions-points,2011,EDITIONS POINTS,FAMOUS SPEECHES COLLECTION WALLS,MARCEL PARIS,https://www.adsoftheworld.com/campaign/editions-points-marcel-06-2011,FAMOUS SPEECHES COLLECTION WALLS EDITIONS POINTS 2011 site:adsspot.me/media,,,,,0
2011-heartbreaker-3-kaizers-orchestra,2011,KAIZERS ORCHESTRA,HEARTBREAKER<3,ANORAK OSLO,https://www.youtube.com/watch?v=_4fQwxYpzAE&ab_channel=AnorakOslo,HEARTBREAKER<3 KAIZERS ORCHESTRA 2011 site:adsspot.me/media,,,,,0
2011-iceberg-gate-cannon-fiat-group,2011,FIAT GROUP,"ICEBERG, GATE, CANNON",LEO BURNETT SÃO PAULO,https://www.adsoftheworld.com/campaign/fiat-leo-burnett-02-2011,"ICEBERG, GATE, CANNON FIAT GROUP 2011 site:adsspot.me/media",,,,,0
2011-insanity-taxes-lines-cinema-schauspielhaus-hamburg,2011,SCHAUSPIELHAUS HAMBURG,"INSANITY, TAXES, LINES, CINEMA",LEAGAS DELANEY HAMBURG,https://www.adsoftheworld.com/campaign/the-hamburg-theatre-leagas-delaney-06-2011,"INSANITY, TAXES, LINES, CINEMA SCHAUSPIELHAUS HAMBURG 2011 site:adsspot.me/media",,,,,0
2011-kurt-madonna-eminem-daft-monkey-week,2011,MONKEY WEEK,"KURT, MADONNA, EMINEM, DAFT",LEO BURNETT MADRID,https://www.adsoftheworld.com/campaign/monkey-week-leo-burnett-06-2011,"KURT, MADONNA, EMINEM, DAFT MONKEY WEEK 2011 site:adsspot.me/media",,,,,0
2011-models-sony-ericsson,2011,SONY ERICSSON,MODELS,DARE LONDON,https://www.youtube.com/watch?v=p2AP3VMAkpA&ab_channel=sonyericsson,MODELS SONY ERICSSON 2011 site:adsspot.me/media,,,,,0
2011-paper-pvc-plastic-plastic-bag-roll-of-aluminium-volkswagen,2011,VOLKSWAGEN,"PAPER, PVC PLASTIC, PLASTIC BAG, ROLL OF ALUMINIUM",ALMAPBBDO SÃO PAULO,https://www.adsoftheworld.com/campaign/volkswagen-bbdo-06-2011_0,"PAPER, PVC PLASTIC, PLASTIC BAG, ROLL OF ALUMINIUM VOLKSWAGEN 2011 site:adsspot.me/media",,,,,0
2011-photogenic-fibertel,2011,FIBERTEL,PHOTOGENIC,DON BUENOS AIRES,https://clios.com/awards/winner/film/photogenic-7276,PHOTOGENIC FIBERTEL 2011 site:adsspot.me/media,,,,,0
2011-prisoner-skinny-bear-gentleman-woman-gillette,2011,GILLETTE,"PRISONER, SKINNY, BEAR, GENTLEMAN, WOMAN",BBDO NEW YORK,https://www.adsoftheworld.com/campaign/gillette-bbdo-06-2011_0,"PRISONER, SKINNY, BEAR, GENTLEMAN, WOMAN GILLETTE 2011 site:adsspot.me/media",,,,,0
2011-puppets-magic-origami-volkswagen,2011,VOLKSWAGEN,"PUPPETS, MAGIC, ORIGAMI",ALMAPBBDO SÃO PAULO,https://www.adsoftheworld.com/campaign/volkswagen-bbdo-06-2011,"PUPPETS, MAGIC, ORIGAMI VOLKSWAGEN 2011 site:adsspot.me/media",,,,,0
2011-rainy-days-walkers,2011,WALKERS,RAINY DAYS,OMD LONDON,https://www.youtube.com/watch?v=bUkTV0Z4HMk&ab_channel=OMDUKLondon,RAINY DAYS WALKERS 2011 site:adsspot.me/media,,,,,0
2011-sausageflan-wasabimuffin-fishchocolate-ayudin-washing-up-liquid,2011,AYUDIN WASHING UP LIQUID,"SAUSAGEFLAN, WASABIMUFFIN, FISHCHOCOLATE",GREY BUENOS AIRES,https://www.adsoftheworld.com/campaign/ayudin-grey-05-2011,"SAUSAGEFLAN, WASABIMUFFIN, FISHCHOCOLATE AYUDIN WASHING UP LIQUID 2011 site:adsspot.me/media",,,,,0
2011-shave-sutra-gillette,2011,GILLETTE,SHAVE SUTRA,RK SWAMY BBDO MUMBAI,https://www.youtube.com/watch?v=ahFoFSnHadk&ab_channel=Kulzy,SHAVE SUTRA GILLETTE 2011 site:adsspot.me/media,,,,,0
2011-slide-kite-swing-active-life,2011,ACTIVE LIFE,"SLIDE, KITE, SWING",LATINWORKS AUSTIN,https://www.adsoftheworld.com/campaign/active-life-latinworks-06-2011,"SLIDE, KITE, SWING ACTIVE LIFE 2011 site:adsspot.me/media",,,,,0
2011-what-a-person-can-miss-a-machine-will-find-the-polish-federation-of-cancer-survivors,2011,THE POLISH FEDERATION OF CANCER SURVIVORS,WHAT A PERSON CAN MISS A MACHINE WILL FIND,HAVAS WARSAW,https://www.youtube.com/watch?v=sfDdAuitZjk&ab_channel=Havas,WHAT A PERSON CAN MISS A MACHINE WILL FIND THE POLISH FEDERATION OF CANCER SURVIVORS 2011 site:adsspot.me/media,,,,,0
2011-when-i-grow-up-faktum,2011,FAKTUM,WHEN I GROW UP,FORSMAN & BODENFORS STOCKHOLM,https://forsman.co/work/faktum/calendar-2011-when-i-grow-up,WHEN I GROW UP FAKTUM 2011 site:adsspot.me/media,,,,,0
2011-woman-bald-bear-santa-casa-da-misericordia,2011,SANTA CASA DA MISERICORDIA,"WOMAN, BALD, BEAR",Y&R SÃO PAULO,https://www.adsoftheworld.com/campaign/santa-casa-yr-05-2011,"WOMAN, BALD, BEAR SANTA CASA DA MISERICORDIA 2011 site:adsspot.me/media",,,,,0
2010-always-a-woman-john-lewis,2010,JOHN LEWIS,ALWAYS A WOMAN,ADAM&EVEDDB LONDON,https://adamandeveddb.com/work/john-lewis-and-partners-always-a-woman,ALWAYS A WOMAN JOHN LEWIS 2010 site:adsspot.me/media,,,,,0
2010-auto-insurance-nissan,2010,NISSAN,AUTO INSURANCE,TBWA SÃO PAULO,https://www.adsoftheworld.com/campaign/nissan-tbwa-06-2010_0,AUTO INSURANCE NISSAN 2010 site:adsspot.me/media,,,,,0
2010-car-safe-antique-midea,2010,MIDEA,"CAR, SAFE, ANTIQUE",OGILVY SHANGHAI,https://www.adsoftheworld.com/campaign/midea-ogilvy-06-2010,"CAR, SAFE, ANTIQUE MIDEA 2010 site:adsspot.me/media",,,,,0
2010-come-i-wish-to-see-you-masp,2010,MASP,COME. I WISH TO SEE YOU.,DDB SÃO PAULO,https://www.adsoftheworld.com/campaign/masp-ddb-02-2010,COME. I WISH TO SEE YOU. MASP 2010 site:adsspot.me/media,,,,,0
2010-find-music-the-fridge,2010,THE FRIDGE,FIND MUSIC,TBWA DUBAI,https://www.adsoftheworld.com/campaign/the-fridge-tbwa-06-2010,FIND MUSIC THE FRIDGE 2010 site:adsspot.me/media,,,,,0
2010-follow-the-white-rabbit-syfy,2010,SYFY,FOLLOW THE WHITE RABBIT,FALLON MINNEAPOLIS,https://www.catchaaron.com/syfy-channel-follow-the-white-rabbit,FOLLOW THE WHITE RABBIT SYFY 2010 site:adsspot.me/media,,,,,0
2010-gun-ring-watch-masterlock,2010,MASTERLOCK,"GUN, RING, WATCH",FOXP2 CAPE TOWN,https://www.adsoftheworld.com/campaign/master-lock-foxp2-11-2009,"GUN, RING, WATCH MASTERLOCK 2010 site:adsspot.me/media",,,,,0
2010-it-barely-leaves-a-trace-klunter-adhesive,2010,KLUNTER ADHESIVE,IT BARELY LEAVES A TRACE,Y&R BOGOTA,https://www.adsoftheworld.com/campaign/klunter-yr-04-2010,IT BARELY LEAVES A TRACE KLUNTER ADHESIVE 2010 site:adsspot.me/media,,,,,0
2010-josh-s-band-t-mobile,2010,T MOBILE,JOSH’S BAND,SAATCHI & SAATCHI LONDON,https://www.youtube.com/watch?v=jzRF10wwdvo,JOSH’S BAND T MOBILE 2010 site:adsspot.me/media,,,,,0
2010-life-s-hard-when-you-re-a-fat-dog-masterdog-light,2010,MASTERDOG LIGHT,LIFE’S HARD WHEN YOU’RE A FAT DOG,Y&R SANTIAGO,https://www.adsoftheworld.com/campaign/master-dog-yr-05-2010,LIFE’S HARD WHEN YOU’RE A FAT DOG MASTERDOG LIGHT 2010 site:adsspot.me/media,,,,,0
2010-mud-fedex,2010,FEDEX,MUD,BBDO MAKATI CITY,https://adsarchive.com/wp-content/uploads/2015/04/fedexmud.jpg,MUD FEDEX 2010 site:adsspot.me/media,,,,,0
2010-organo-elephant-vault-ford,2010,FORD,"ORGANO, ELEPHANT, VAULT",JWT BUENOS AIRES,https://www.adsoftheworld.com/campaign/ford-jwt-06-2010,"ORGANO, ELEPHANT, VAULT FORD 2010 site:adsspot.me/media",,,,,0
2010-out-of-this-world-lika-gum,2010,LIKA GUM,OUT OF THIS WORLD,ELEPHANT CAIRO,https://www.adsoftheworld.com/campaign/lika-gum-elephant-03-2010,OUT OF THIS WORLD LIKA GUM 2010 site:adsspot.me/media,,,,,0
2010-pig-calf-chicken-luftal-antacid,2010,LUFTAL ANTACID,"PIG, CALF, CHICKEN",TBWA SÃO PAULO,https://www.adsoftheworld.com/campaign/alcaluftal-tbwa-05-2010,"PIG, CALF, CHICKEN LUFTAL ANTACID 2010 site:adsspot.me/media",,,,,0
2010-polar-bear-plane-stupid,2010,PLANE STUPID,POLAR BEAR,MOTHER LONDON,https://www.youtube.com/watch?v=aMnzSvZP_kE,POLAR BEAR PLANE STUPID 2010 site:adsspot.me/media,,,,,0
2010-the-sooner-you-advertise-here-the-better-interbest-outdoor,2010,INTERBEST OUTDOOR,THE SOONER YOU ADVERTISE HERE THE BETTER.,Y&R AMSTERDAM,https://www.adsoftheworld.com/campaign/interbest-yr-06-2010,THE SOONER YOU ADVERTISE HERE THE BETTER. INTERBEST OUTDOOR 2010 site:adsspot.me/media,,,,,0
2010-unicorn-squirrel-bambi-deutscher-caritasverband,2010,DEUTSCHER CARITASVERBAND,"UNICORN, SQUIRREL, BAMBI",BBDO DUSSELDORF,https://www.adsoftheworld.com/campaign/caritas-bbdo-06-2010,"UNICORN, SQUIRREL, BAMBI DEUTSCHER CARITASVERBAND 2010 site:adsspot.me/media",,,,,0
2010-what-will-it-take-before-we-respect-the-planet-wwf,2010,WWF,WHAT WILL IT TAKE BEFORE WE RESPECT THE PLANET?,OGILVY PARIS,https://www.adsoftheworld.com/campaign/wwf-ogilvy-06-2010_0,WHAT WILL IT TAKE BEFORE WE RESPECT THE PLANET? WWF 2010 site:adsspot.me/media,,,,,0
2009-bagpiper-opera-singer-priest-honda,2009,HONDA,"BAGPIPER, OPERA SINGER, PRIEST",FISCHER LISBON,https://www.adsoftheworld.com/campaign/honda-fischer-06-2009,"BAGPIPER, OPERA SINGER, PRIEST HONDA 2009 site:adsspot.me/media",,,,,0
2009-barkeeper-skater-shower-ikea,2009,IKEA,"BARKEEPER, SKATER, SHOWER",GRABARZ & PARTNER HAMBURG,https://www.adsoftheworld.com/campaign/ikea-grabarz-partner-05-2009,"BARKEEPER, SKATER, SHOWER IKEA 2009 site:adsspot.me/media",,,,,0
2009-classroom-bus-stop-living-room-carl-zeiss,2009,CARL ZEISS,"CLASSROOM, BUS-STOP, LIVING ROOM",BBDO SINGAPORE,https://www.adsoftheworld.com/campaign/zeiss-bbdo-07-2009,"CLASSROOM, BUS-STOP, LIVING ROOM CARL ZEISS 2009 site:adsspot.me/media",,,,,0
2009-cop-tram-vespa,2009,VESPA,"COP, TRAM",SAATCHI & SAATCHI AUCKLAND,https://www.adsoftheworld.com/campaign/vespa-saatchi-saatchi-09-2008,"COP, TRAM VESPA 2009 site:adsspot.me/media",,,,,0
2009-gm-foods-car-wash-computer-economic-crises-subway-nuclear-greenpeace,2009,GREENPEACE,"GM FOODS, CAR WASH, COMPUTER, ECONOMIC CRISES, SUBWAY, NUCLEAR",DDB PARIS,https://www.adsoftheworld.com/campaign/greenpeace-ddb-05-2009,"GM FOODS, CAR WASH, COMPUTER, ECONOMIC CRISES, SUBWAY, NUCLEAR GREENPEACE 2009 site:adsspot.me/media",,,,,0
2009-multi-media-coke-machine-coca-cola,2009,COCA COLA,MULTI-MEDIA COKE MACHINE,SAPIENTNITRO MIAMI,https://cargo.teamgoodguys.com/Coca-Cola-Multi-Media-Vending,MULTI-MEDIA COKE MACHINE COCA COLA 2009 site:adsspot.me/media,,,,,0
2009-parking-the-ad-squatter-crowded-shelter-home-real-size-home-abbe-pierre-foundation,2009,ABBE PIERRE FOUNDATION,"PARKING, THE AD SQUATTER, CROWDED, SHELTER HOME, REAL SIZE HOME",BDDP & FILS PARIS,https://www.adsoftheworld.com/campaign/fondation-abbe-pierre-bddp-01-2009,"PARKING, THE AD SQUATTER, CROWDED, SHELTER HOME, REAL SIZE HOME ABBE PIERRE FOUNDATION 2009 site:adsspot.me/media",,,,,0
2009-pinky-collar-decrossifier-miller,2009,MILLER,"PINKY, COLLAR, DECROSSIFIER",SAATCHI & SAATCHI NEW YORK,https://mitchgage.cargo.site/Miller-High-Life,"PINKY, COLLAR, DECROSSIFIER MILLER 2009 site:adsspot.me/media",,,,,0
2009-purple-caterpillar-whale-cow-hugs-recipe-book-ben-jerry,2009,BEN & JERRY,"PURPLE CATERPILLAR, WHALE COW, HUGS, RECIPE BOOK",OGILVY SINGAPORE,https://www.adsoftheworld.com/campaign/ben-jerrys-ogilvy-07-2009,"PURPLE CATERPILLAR, WHALE COW, HUGS, RECIPE BOOK BEN & JERRY 2009 site:adsspot.me/media",,,,,0
2008-building-anando-milk,2008,ANANDO MILK,BUILDING,MCCANN MUMBAI,https://d3nuqriibqh3vw.cloudfront.net/styles/aotw_detail_ir/s3/images/anandomilkbuilding.jpg?itok=9vH-pWEk,BUILDING ANANDO MILK 2008 site:adsspot.me/media,,,,,0
2008-eating-in-toilet-hong-kong-breastfeeding-mothers-association,2008,HONG KONG BREASTFEEDING MOTHERS’ ASSOCIATION,EATING IN TOILET,FCB SHANGHAI,https://storage.googleapis.com/adforum-media/12654353/FCBC_12550_12654353A.JPG,EATING IN TOILET HONG KONG BREASTFEEDING MOTHERS’ ASSOCIATION 2008 site:adsspot.me/media,,,,,0
2008-mms-amf-pension,2008,AMF PENSION,MMS,FORSMAN & BODENFORS GOTHENBURG,https://forsman.co/work/amf/mms,MMS AMF PENSION 2008 site:adsspot.me/media,,,,,0
2008-night-reflection-mcdonald-s,2008,MCDONALD’S,NIGHT REFLECTION,DDB SYDNEY,https://creativecriminals.com/pictures/hq/161/mcdonaldsnight1.jpg,NIGHT REFLECTION MCDONALD’S 2008 site:adsspot.me/media,,,,,0
2008-rob-lowe-orange,2008,ORANGE,ROB LOWE,MOTHER LONDON,https://www.youtube.com/watch?v=5i2N0_UPRxM,ROB LOWE ORANGE 2008 site:adsspot.me/media,,,,,0
2005-brick-wall-dscr-french-road-safety,2005,DSCR FRENCH ROAD SAFETY,BRICK WALL,LOWE PARIS,https://assets.lovethework.com/loc1/archive/2005/press/high/03606.jpg?Key-Pair-Id=K3KXIJDC8V1Z48&Policy=eyJTdGF0ZW1lbnQiOlt7IkNvbmRpdGlvbiI6eyJEYXRlTGVzc1RoYW4iOnsiQVdTOkVwb2NoVGltZSI6MTY2MTEzNDEwOX19LCJSZXNvdXJjZSI6Imh0dHBzOi8vYXNzZXRzLmxvdmV0aGV3b3JrLmNvbS9sb2MxL2FyY2hpdmUvMjAwNS9wcmVzcy9oaWdoLzAzNjA2LmpwZyJ9XX0&Signature=OrzJRREQYLCJ162tycL7JuP7NXMMmWG0SUTtylEV0Vt0E2IBxN185oNChTjYBldPvcdcuAa2lfUdx7qxcfITQz7klrXqNkX3xO3TITqn43RBEpbhebW6ovM%2FeI6Pi753K3YKzn1a%2BEVyUoTO80CnGjS5%2FTlOkFl4B%2BAAMi%2BaBIGt4hqMkLVgGG4FveCvghf6iZCb56lXGMYLJyiVY79D8CTNmWEZFTuT154CPHe%2BcYj%2BCDG1Exp7JoVHUGSdn%2Fvy8XuDWr8t8hkxFYsZPh8%2Bt3QkrmHdBjRsy8Vwk30vRgu4XomUJiZlyhyy8JynDD6994hfawKFaSbGqN%2BI8ncCGQ,BRICK WALL DSCR FRENCH ROAD SAFETY 2005 site:adsspot.me/media,,,,,0
2005-bunso-unicef,2005,UNICEF,BUNSO,BBDO MAKATI CITY,https://www.youtube.com/watch?v=yh6lz7zgGNY&ab_channel=ANRW,BUNSO UNICEF 2005 site:adsspot.me/media,,,,,0
2005-marie-inpes,2005,INPES,MARIE,FCB CLICHY,https://player.vimeo.com/video/105691925,MARIE INPES 2005 site:adsspot.me/media,,,,,0
2005-verne-troyer-orange,2005,ORANGE,VERNE TROYER,MOTHER LONDON,https://www.youtube.com/watch?v=UOzZs4krFKY&ab_channel=motherlondon,VERNE TROYER ORANGE 2005 site:adsspot.me/media,,,,,0
2004-court-stenographer-agf-financial-services,2004,AGF FINANCIAL SERVICES,COURT STENOGRAPHER,TBWA\TORONTO,https://www.youtube.com/watch?v=ywjOf030J-Y&ab_channel=davisatlas,COURT STENOGRAPHER AGF FINANCIAL SERVICES 2004 site:adsspot.me/media,,,,,0
2004-flight-attendant-agf-financial-services,2004,AGF FINANCIAL SERVICES,FLIGHT ATTENDANT,TBWA\TORONTO,https://www.youtube.com/watch?v=GLWNfkTv-to&ab_channel=BenjaminPadero,FLIGHT ATTENDANT AGF FINANCIAL SERVICES 2004 site:adsspot.me/media,,,,,0
2004-try-k2r-k2r,2004,K2R,TRY K2R,TBWA\PARIS BOULOGNE-BILLANCOURT,https://www.youtube.com/watch?v=ibTxMvCZpFI&amp;ab_channel=GCCarvalho,TRY K2R K2R 2004 site:adsspot.me/media,,,,,0
2004-village-aides,2004,AIDES,VILLAGE,TBWA\PARIS BOULOGNE-BILLANCOURT,https://www.youtube.com/watch?v=ibTxMvCZpFI&ab_channel=GCCarvalho,VILLAGE AIDES 2004 site:adsspot.me/media,,,,,0
2003-bruised-ambassadors-nz-women-s-refuge,2003,NZ WOMEN’S REFUGE,BRUISED AMBASSADORS,SAATCHI & SAATCHI AUCKLAND,https://d26eb5y2jukpbz.cloudfront.net/ebs/archive/2003/media/03374A_a.jpg,BRUISED AMBASSADORS NZ WOMEN’S REFUGE 2003 site:adsspot.me/media,,,,,0
2003-live-fast-die-a-senior-citizen-rolling-stone,2003,ROLLING STONE,"LIVE FAST, DIE A SENIOR CITIZEN",BBH NEW YORK,https://storage.googleapis.com/adforum-media/30113/BARB_12048_0030113A.JPG,"LIVE FAST, DIE A SENIOR CITIZEN ROLLING STONE 2003 site:adsspot.me/media",,,,,0
2003-streaker-bilbao-athletic-club,2003,BILBAO ATHLETIC CLUB,STREAKER,DIMENSION SAN SEBASTIAN,http://www.papik.es/en/portfolio/athletic-club-streaker/,STREAKER BILBAO ATHLETIC CLUB 2003 site:adsspot.me/media,,,,,0
2003-wimbledon-2002-ibm,2003,IBM,WIMBLEDON 2002,OGILYONE LONDON,https://www.youtube.com/watch?v=ipAC-xBbVOc,WIMBLEDON 2002 IBM 2003 site:adsspot.me/media,,,,,0
2002-aids-help-vienna-aids-foundation,2002,AIDS FOUNDATION,AIDS HELP VIENNA,PALLA KOBLINGER PROXIMITY VIENNA,https://www.youtube.com/watch?v=ukVCbNt9FpY&ab_channel=ElisaR.,AIDS HELP VIENNA AIDS FOUNDATION 2002 site:adsspot.me/media,,,,,0
2002-always-have-the-last-word-the-economist,2002,THE ECONOMIST,ALWAYS HAVE THE LAST WORD,OGILVY & MATHER ADVERTISING HONG KONG,https://d26eb5y2jukpbz.cloudfront.net/ebs/archive/2002/media/02216A_b.jpg,ALWAYS HAVE THE LAST WORD THE ECONOMIST 2002 site:adsspot.me/media,,,,,0
2002-audi-a4-avant-audi,2002,AUDI,AUDI A4 AVANT,DOUBLEYOU BARCELONA,https://d26eb5y2jukpbz.cloudfront.net/ebs/archive/2002/media/02112N.jpg,AUDI A4 AVANT AUDI 2002 site:adsspot.me/media,,,,,0
2002-forever-estrella-damm-beer,2002,ESTRELLA DAMM BEER,FOREVER,TANDEM DDB MADRID,https://www.youtube.com/watch?v=b0KFxIi_jME,FOREVER ESTRELLA DAMM BEER 2002 site:adsspot.me/media,,,,,0
2001-adidas-beat-rugby-i-adidas,2001,ADIDAS,ADIDAS BEAT RUGBY I,SAATCHI & SAATCHI NEW ZEALAND WELLINGTON,https://d26eb5y2jukpbz.cloudfront.net/ebs/archive/osi/2001/media/010018N_b.jpg,ADIDAS BEAT RUGBY I ADIDAS 2001 site:adsspot.me/media,,,,,0
2001-kiss-on-the-bus-smint,2001,SMINT,KISS ON THE BUS,TANDEM CAMPMANY GUASCH DDB BARCELONA,https://www.adforum.com/creative-work/ad/player/14665/bus-opened-doors/smint,KISS ON THE BUS SMINT 2001 site:adsspot.me/media,,,,,0
2000-jukka-bros-xmas-story-mtv-networks,2000,MTV NETWORKS,JUKKA BROS / XMAS STORY,FALLON NEW YORK,https://www.youtube.com/watch?v=qp7LaVl6ons&ab_channel=LakshmipathyBhat,JUKKA BROS / XMAS STORY MTV NETWORKS 2000 site:adsspot.me/media,,,,,0
2000-lyrebird-forestry-stewardship-commission,2000,FORESTRY STEWARDSHIP COMMISSION,LYREBIRD,SAATCHI & SAATCHI EMEA,https://www.youtube.com/watch?v=0uDk-EYGY3I&ab_channel=MindlessShelfIndulgence,LYREBIRD FORESTRY STEWARDSHIP COMMISSION 2000 site:adsspot.me/media,,,,,0
2000-window-camel,2000,CAMEL,WINDOW,MCCANN LONDON,https://www.youtube.com/watch?v=sZoMxFiPAyA&ab_channel=TheHallofAdvertising,WINDOW CAMEL 2000 site:adsspot.me/media,,,,,0
1999-the-child-in-the-crowd-france-telecom,1999,FRANCE TELECOM,THE CHILD IN THE CROWD,CLM/BBDO PARIS,https://www.youtube.com/watch?v=cbTAsUSpcQI,THE CHILD IN THE CROWD FRANCE TELECOM 1999 site:adsspot.me/media,,,,,0
1996-elephant-nestle-co,1996,NESTLE CO,ELEPHANT,AMMIRATI PURIS LINTAS AMSTERDAM,https://www.youtube.com/watch?v=qVZK1OWtqwY&ab_channel=DoniAmaro,ELEPHANT NESTLE CO 1996 site:adsspot.me/media,,,,,0
1996-idols-swf-television,1996,SWF TELEVISION,IDOLS,OGILVY & MATHER,https://www.youtube.com/watch?v=877cHKgLRzA&ab_channel=rocketraccoon19,IDOLS SWF TELEVISION 1996 site:adsspot.me/media,,,,,0
1996-gecko-bosch-wiper-blades,1996,BOSCH WIPER BLADES,GECKO,Y&R JOHANNESBURG,https://www.youtube.com/watch?v=Gu7KEFr-6Hc&ab_channel=TheLouBuford,GECKO BOSCH WIPER BLADES 1996 site:adsspot.me/media,,,,,0
1990-nutrition-ricegrowers-co-ip,1990,RICEGROWERS CO-IP,NUTRITION,CLEMENGER BBDO MELBOURNE,https://www.youtube.com/watch?v=jYo7NR1LJYE&ab_channel=SunRice,NUTRITION RICEGROWERS CO-IP 1990 site:adsspot.me/media,,,,,0
1978-la-copieuse-waterman,1978,WATERMAN,LA COPIEUSE,BENTON & BOWLES,https://www.adforum.com/creative-work/ad/player/33194/the-graduate/waterman,LA COPIEUSE WATERMAN 1978 site:adsspot.me/media,,,,,0
