case_name,year,outbound_url,audited_url,final_url
TIKTOK TEACHERS,2022,https://www.youtube.com/watch?v=Pcf7EFVIH6A&ab_channel=DDBLatina,https://www.youtube.com/watch?v=Pcf7EFVIH6A&ab_channel=DDBLatina,https://www.youtube.com/watch?v=Pcf7EFVIH6A&ab_channel=DDBLatina
WE WILL BECOME BETTER,2022,https://www.youtube.com/watch?v=hGRkKVPpcvU,https://www.youtube.com/watch?v=hGRkKVPpcvU,https://www.youtube.com/watch?v=hGRkKVPpcvU
9.58 SECONDS: THE WORLD’S FASTEST ANNUAL REPORT,2019,https://clios.com/awards/winner/digital-mobile-social-media-technique/puma-se/9-58-seconds-the-world-s-fastest-annual-report-69437,https://clios.com/awards/winner/digital-mobile-social-media-technique/puma-se/9-58-seconds-the-world-s-fastest-annual-report-69437,https://clios.com/awards/winner/digital-mobile-social-media-technique/puma-se/9-58-seconds-the-world-s-fastest-annual-report-69437
AN POST,2019,http://post/address-point-pointing-a-way-back-home-for-ireland-67773,http://post/address-point-pointing-a-way-back-home-for-ireland-67773,http://post/address-point-pointing-a-way-back-home-for-ireland-67773
BEHIND THE MAC,2019,https://www.youtube.com/watch?v=Ny-MGNf301k&ab_channel=AppleUK,https://www.youtube.com/watch?v=Ny-MGNf301k&ab_channel=AppleUK,https://www.youtube.com/watch?v=Ny-MGNf301k&ab_channel=AppleUK
BLINK TEST,2019,https://www.youtube.com/watch?v=YCT6HzTqEmo,https://www.youtube.com/watch?v=YCT6HzTqEmo,https://www.youtube.com/watch?v=YCT6HzTqEmo
BLOCK WISH,2019,https://clios.com/awards/winner/digital-mobile-social-media-technique/alepa/block-wish-49298,https://clios.com/awards/winner/digital-mobile-social-media-technique/alepa/block-wish-49298,https://clios.com/awards/winner/digital-mobile-social-media-technique/alepa/block-wish-49298
CARDS OF KNOWLEDGEMENT,2019,https://creativepool.com/mrmlondon/projects/cards-of-acknowledgement-for-miscarriage-association-,https://creativepool.com/mrmlondon/projects/cards-of-acknowledgement-for-miscarriage-association-,https://creativepool.com/mrmlondon/projects/cards-of-acknowledgement-for-miscarriage-association-
CONTRACT TRANSLATOR,2019,https://sites.wpp.com/wppedcream/2019/advertising/promo_and_activation/contract-translator,https://sites.wpp.com/wppedcream/2019/advertising/promo_and_activation/contract-translator,https://sites.wpp.com/wppedcream/2019/advertising/promo_and_activation/contract-translator
DOLLAR AGONY,2019,https://sites.wpp.com/wppedcream/2019/advertising/radio/dollar-agony?c=5e3417d9-cc54-4fa9-84d7-bd8a923a09ff,https://sites.wpp.com/wppedcream/2019/advertising/radio/dollar-agony?c=5e3417d9-cc54-4fa9-84d7-bd8a923a09ff,https://sites.wpp.com/wppedcream/2019/advertising/radio/dollar-agony?c=5e3417d9-cc54-4fa9-84d7-bd8a923a09ff
E-QUALITY,2019,https://www.vmlyr.com/work/vivo-telefonica-brasil-e-quality,https://www.vmlyr.com/work/vivo-telefonica-brasil-e-quality,https://www.vml.com/work
IN THE LONG RUN,2019,,https://clios.com/awards/winner/film-technique-music-licensed/mercedes-benz/in-the-long-run-60254,https://clios.com/awards/winner/film-technique-music-licensed/mercedes-benz/in-the-long-run-60254
LESSONS FOR GOOD,2019,https://clios.com/awards/winner/experiential-events/leroy-merlin/lessons-for-good-72287,https://clios.com/awards/winner/experiential-events/leroy-merlin/lessons-for-good-72287,https://clios.com/awards/winner/experiential-events/leroy-merlin/lessons-for-good-72287
MIND THE GAP,2019,,https://clios.com/awards/winner/public-relations/berliner-verkehrsbetriebe/mind-the-gap-63083,https://clios.com/awards/winner/public-relations/berliner-verkehrsbetriebe/mind-the-gap-63083
#NATIONALROASTDAY,2019,https://www.vmlyr.com/work/nationalroastday,https://www.vmlyr.com/work/nationalroastday,https://www.vml.com/work
OAKLEY “IT’S OK”,2019,https://clios.com/awards/winner/film-technique-music-original/oakley/oakley-it-s-ok-56913,https://clios.com/awards/winner/film-technique-music-original/oakley/oakley-it-s-ok-56913,https://clios.com/awards/winner/film-technique-music-original/oakley/oakley-it-s-ok-56913
PASS THE BILL,2019,https://clios.com/awards/winner/innovation/leaf-forward/pass-the-bill-68582,https://clios.com/awards/winner/innovation/leaf-forward/pass-the-bill-68582,https://clios.com/awards/winner/innovation/leaf-forward/pass-the-bill-68582
PRIDE SHIELD,2019,https://rethinkcanada.com/work/fondation-emergence/2018/experiential/the-pride-shield/,https://rethinkcanada.com/work/fondation-emergence/2018/experiential/the-pride-shield/,https://rethinkcanada.com/work/fondation-emergence/2018/experiential/the-pride-shield/
REARRANGED QUEENS,2019,https://clios.com/awards/winner/out-of-home/berliner-philharmoniker/rearranged-1-70963,https://clios.com/awards/winner/out-of-home/berliner-philharmoniker/rearranged-1-70963,https://clios.com/awards/winner/out-of-home/berliner-philharmoniker/rearranged-1-70963
SQUARESPACE MAKE IT,2019,https://clios.com/awards/winner/film/squarespace/make-it-72251,https://clios.com/awards/winner/film/squarespace/make-it-72251,https://clios.com/awards/winner/film/squarespace/make-it-72251
THE 8,2019,https://clios.com/awards/winner/film-technique-cinematography/bmw/the-8-city-of-no-cars-70803,https://clios.com/awards/winner/film-technique-cinematography/bmw/the-8-city-of-no-cars-70803,https://clios.com/awards/winner/film-technique-cinematography/bmw/the-8-city-of-no-cars-70803
THE 9’58 BIOGRAPHY,2019,https://clios.com/awards/winner/design/puma/the-9-58-biography-73780,https://clios.com/awards/winner/design/puma/the-9-58-biography-73780,https://clios.com/awards/winner/design/puma/the-9-58-biography-73780
THE COMMERCIAL THAT SAVES LIVES,2019,https://www.vmlyr.com/work/ministerio-de-salud-chile-commercial-saves-lives,https://www.vmlyr.com/work/ministerio-de-salud-chile-commercial-saves-lives,https://www.vml.com/work
TOURISTS,2019,https://carlosyanke.work/Park-Assist,https://carlosyanke.work/Park-Assist,https://carlosyanke.work/Park-Assist
AKE DEMO,2018,http://sunetahouse.com/video/226289889,http://sunetahouse.com/video/226289889,http://sunetahouse.com/video/226289889
ALL NIGHT LONG TRADING,2018,https://dare.havas.com/news-archive/all-night-long/,https://dare.havas.com/news-archive/all-night-long/,https://dare.havas.com/news-archive/all-night-long/
AMERICA. JUST LIKE THE MOVIES.,2018,https://www.youtube.com/watch?v=CXFMQss33CQ&ab_channel=GREATADS%26LESSGREATADS%28BUTSTILLOK%29,https://www.youtube.com/watch?v=CXFMQss33CQ&ab_channel=GREATADS%26LESSGREATADS%28BUTSTILLOK%29,https://www.youtube.com/watch?v=CXFMQss33CQ&ab_channel=GREATADS%26LESSGREATADS%28BUTSTILLOK%29
AUSSIE NEWS TODAY,2018,https://bbdo.com/work/5b47b2e4f1e61df43c775622,https://bbdo.com/work/5b47b2e4f1e61df43c775622,https://bbdo.com/work/5b47b2e4f1e61df43c775622
BEWARE THE DANGERS OF ALMOST THE SAME,2018,http://jakeandjoshcreative.com/beware-the-dangers-of-almost-the-same-1,http://jakeandjoshcreative.com/beware-the-dangers-of-almost-the-same-1,http://jakeandjoshcreative.com/beware-the-dangers-of-almost-the-same-1
BOXES,2018,https://forsman.co/work/uber/boxes,https://forsman.co/work/uber/boxes,https://www.forsman.com/work/uber/boxes
BREATHING LIFE INTO TRANSIT ADS,2018,https://vimeopro.com/mullenlowegroup/cannes-lions-2018-winners/video/276851263,https://vimeopro.com/mullenlowegroup/cannes-lions-2018-winners/video/276851263,https://vimeopro.com/mullenlowegroup/cannes-lions-2018-winners/video/276851263
BRING BACK YOUR SMILE,2018,https://www.adruby.com/print-ads/colgate-bring-back-your-white-smile,https://www.adruby.com/print-ads/colgate-bring-back-your-white-smile,https://www.adruby.com/print-ads/colgate-bring-back-your-white-smile
CARSALES AUTOADS,2018,https://clios.com/awards/winner/branded-content/carsales-com-au/autoads-43624,https://clios.com/awards/winner/branded-content/carsales-com-au/autoads-43624,https://clios.com/awards/winner/branded-content/carsales-com-au/autoads-43624
CHANGE GOUT,2018,https://clios.com/health/winner/integrated-campaign-pharmaceutical/gr%C3%BCnenthal/change-gout-52257,https://clios.com/health/winner/integrated-campaign-pharmaceutical/gr%C3%BCnenthal/change-gout-52257,https://clios.com/health/winner/integrated-campaign-pharmaceutical/gr%C3%BCnenthal/change-gout-52257
CHATTY SCHOOL BUS,2018,https://clios.com/awards/winner/public-relations/hyundai-motor-company/chatty-school-bus-51247,https://clios.com/awards/winner/public-relations/hyundai-motor-company/chatty-school-bus-51247,https://clios.com/awards/winner/public-relations/hyundai-motor-company/chatty-school-bus-51247
CHEETOS MUSEUM,2018,https://clios.com/awards/winner/events-experiential/cheetos/cheetos-museum-21652,https://clios.com/awards/winner/events-experiential/cheetos/cheetos-museum-21652,https://clios.com/awards/winner/events-experiential/cheetos/cheetos-museum-21652
CHRISTMAS 2117,2018,https://clios.com/awards/winner/film-technique-visual-effects/edeka/christmas-2117-38347,https://clios.com/awards/winner/film-technique-visual-effects/edeka/christmas-2117-38347,https://clios.com/awards/winner/film-technique-visual-effects/edeka/christmas-2117-38347
CLIFFSIDE SHOP,2018,https://clios.com/awards/winner/out-of-home/37-5-technology/cliffside-shop-39832,https://clios.com/awards/winner/out-of-home/37-5-technology/cliffside-shop-39832,https://clios.com/awards/winner/out-of-home/37-5-technology/cliffside-shop-39832
COMA MINI SERIES,2018,https://pedrocorbett.com/getty-images-coma-miniseries,https://pedrocorbett.com/getty-images-coma-miniseries,https://pedrocorbett.com/getty-images-coma-miniseries
COVERAGE COALITION,2018,https://clios.com/awards/winner/public-relations/get-america-covered/coverage-coalition-49303,https://clios.com/awards/winner/public-relations/get-america-covered/coverage-coalition-49303,https://clios.com/awards/winner/public-relations/get-america-covered/coverage-coalition-49303
DESTINATION PRIDE,2018,https://clios.com/awards/winner/digital-mobile/pflag-canada/destination-pride-47165,https://clios.com/awards/winner/digital-mobile/pflag-canada/destination-pride-47165,https://clios.com/awards/winner/digital-mobile/pflag-canada/destination-pride-47165
DISAPPEARING PERSON ALERTS,2018,https://www.dentsu.com/au/en/our-work/bwm-dentsu-cox-inall-change-disappearing-person-alerts,https://www.dentsu.com/au/en/our-work/bwm-dentsu-cox-inall-change-disappearing-person-alerts,https://www.dentsu.com/au/en/our-work/bwm-dentsu-cox-inall-change-disappearing-person-alerts
DISPATCH,2018,https://kyst.co/dispatch,https://kyst.co/dispatch,https://kyst.co/dispatch
DISSOLVING POSTERS,2018,https://clios.com/health/winner/out-of-home-health-wellness/habitat-for-humanity-brazil/the-dissolving-poster-55812,https://clios.com/health/winner/out-of-home-health-wellness/habitat-for-humanity-brazil/the-dissolving-poster-55812,https://clios.com/health/winner/out-of-home-health-wellness/habitat-for-humanity-brazil/the-dissolving-poster-55812
DON’T LET YOUR LOVED ONES BE THE HOME FOR WORMS,2018,https://saatchi.de/arbeiten/entry/puenktlich-zur-ferienzeit-neue-reise-kampagne-fuer-elanco/,https://saatchi.de/arbeiten/entry/puenktlich-zur-ferienzeit-neue-reise-kampagne-fuer-elanco/,https://www.saatchi.de/arbeiten/entry/puenktlich-zur-ferienzeit-neue-reise-kampagne-fuer-elanco
EASYASSISTANCE,2018,https://www.youtube.com/watch?v=xYnINEnuga8&ab_channel=%23LatinosEnCannes,https://www.youtube.com/watch?v=xYnINEnuga8&ab_channel=%23LatinosEnCannes,https://www.youtube.com/watch?v=xYnINEnuga8&ab_channel=%23LatinosEnCannes
EDEKA 2117,2018,https://clios.com/awards/winner/film-technique-direction/edeka/christmas-2117-38346,https://clios.com/awards/winner/film-technique-direction/edeka/christmas-2117-38346,https://clios.com/awards/winner/film-technique-direction/edeka/christmas-2117-38346
EL MUNDO NEWSPAPER,2018,https://clios.com/entertainment/winner/theatrical-events-experiential/nuyorican-basket-documentary/el-mundo-55413,https://clios.com/entertainment/winner/theatrical-events-experiential/nuyorican-basket-documentary/el-mundo-55413,https://clios.com/entertainment/winner/theatrical-events-experiential/nuyorican-basket-documentary/el-mundo-55413
FIFA 18 MORE THAN A GAME,2018,https://www.thedrum.com/creative-works/project/adameveddb-fifa-more-game,https://www.thedrum.com/creative-works/project/adameveddb-fifa-more-game,https://www.thedrum.com/creative-works/project/adameveddb-fifa-more-game
FISH,2018,https://vimeopro.com/mullenlowegroup/cannes-lions-2018-winners/video/276851094,https://vimeopro.com/mullenlowegroup/cannes-lions-2018-winners/video/276851094,https://vimeopro.com/mullenlowegroup/cannes-lions-2018-winners/video/276851094
FORBIDDEN STORIES,2018,https://www.youtube.com/watch?v=lhEiEIjvdOQ&ab_channel=WundermanThompsonParis,https://www.youtube.com/watch?v=lhEiEIjvdOQ&ab_channel=WundermanThompsonParis,https://www.youtube.com/watch?v=lhEiEIjvdOQ&ab_channel=WundermanThompsonParis
GEOFF,2018,https://www.vmlyr.com/en-nz/new-zealand/work/heinz-geoff,https://www.vmlyr.com/en-nz/new-zealand/work/heinz-geoff,https://www.vmlyr.com/en-nz/new-zealand/work/heinz-geoff
GIVE NOTHING TO RACISM,2018,https://www.clemengerbbdo.co.nz/the-work/give-nothing-to-racism,https://www.clemengerbbdo.co.nz/the-work/give-nothing-to-racism,https://www.clemengerbbdo.co.nz/the-work/give-nothing-to-racism
GOD IS BUSY,2018,https://josearnaldosuaid.com/God-is-Busy,https://josearnaldosuaid.com/God-is-Busy,https://josearnaldosuaid.com/God-is-Busy
HEARPRINT,2018,https://www.thedrum.com/creative-works/project/che-proximity-cochlear-hearprint,https://www.thedrum.com/creative-works/project/che-proximity-cochlear-hearprint,https://www.thedrum.com/creative-works/project/che-proximity-cochlear-hearprint
“HEATH IMMIGRATION”,2018,https://www.youtube.com/watch?v=g2mPGGQDzH0&ab_channel=MassimoFiori,https://www.youtube.com/watch?v=g2mPGGQDzH0&ab_channel=MassimoFiori,https://www.youtube.com/watch?v=g2mPGGQDzH0&ab_channel=MassimoFiori
HELP A DANE,2018,https://clios.com/health/winner/integrated-campaign-health-wellness/danish-cancer-society-trygfonden/help-a-dane-55847,https://clios.com/health/winner/integrated-campaign-health-wellness/danish-cancer-society-trygfonden/help-a-dane-55847,https://clios.com/health/winner/integrated-campaign-health-wellness/danish-cancer-society-trygfonden/help-a-dane-55847
I’M STILL HER: JOHAN,2018,https://ddbbrussels.prezly.com/dementia-will-never-take-away-our-beautiful-memories,https://ddbbrussels.prezly.com/dementia-will-never-take-away-our-beautiful-memories,https://ddbbrussels.prezly.com/dementia-will-never-take-away-our-beautiful-memories
LIFE-SAVING SAFECAP,2018,https://activationideas.com/blog/safecap,https://activationideas.com/blog/safecap,https://activationideas.com/blog/safecap
LONDON SYMPHONY ORCHESTRA,2018,https://www.superunion.com/work/london-symphony-orchestra/,https://www.superunion.com/work/london-symphony-orchestra/,https://www.designbridge.com/$1
LYNCHING IN AMERICA,2018,https://www.lizvwells.com/project/lynching-in-america,https://www.lizvwells.com/project/lynching-in-america,https://www.lizvwells.com/project/lynching-in-america
MY LINE,2018,https://vimeopro.com/mullenlowegroup/cannes-lions-2018-winners/video/276851133,https://vimeopro.com/mullenlowegroup/cannes-lions-2018-winners/video/276851133,https://vimeopro.com/mullenlowegroup/cannes-lions-2018-winners/video/276851133
NIKE REACT GAME OF GO,2018,https://media.monks.com/case-studies/nike-game-of-go-real-time,https://media.monks.com/case-studies/nike-game-of-go-real-time,https://media.monks.com/case-studies/nike-game-of-go-real-time
QQ ALERT: REUNION AFTER YEARS,2018,https://www.youtube.com/watch?v=4ZwJCTNT_Ps&ab_channel=XinYang,https://www.youtube.com/watch?v=4ZwJCTNT_Ps&ab_channel=XinYang,https://www.youtube.com/watch?v=4ZwJCTNT_Ps&ab_channel=XinYang
R WORD,2018,https://clios.com/health/winner/social-media-health-wellness/avivo/the-r-word-51228,https://clios.com/health/winner/social-media-health-wellness/avivo/the-r-word-51228,https://clios.com/health/winner/social-media-health-wellness/avivo/the-r-word-51228
RAT’S TALE,2018,https://www.finchcompany.com/production/nzta-rats-tale/,https://www.finchcompany.com/production/nzta-rats-tale/,https://www.finchcompany.com/production/nzta-rats-tale/
SELF DISCOUNTING PRODUCTS,2018,https://istanbul.ddb.com/en/works/koctas-self-discounting-products/,https://istanbul.ddb.com/en/works/koctas-self-discounting-products/,https://istanbul.ddb.com/en/works/koctas-self-discounting-products/
STATION WITH A VIEW,2018,http://www.nielsvincent.fr/2018,http://www.nielsvincent.fr/2018,http://www.nielsvincent.fr/2018
TELENET PLAY SPORTS PREROLL FOOTBALL MATCH,2018,https://www.tbwa.be/cases/47/play-sports-preroll-football-match,https://www.tbwa.be/cases/47/play-sports-preroll-football-match,https://www.tbwa.be/cases/47/play-sports-preroll-football-match
THE CANCELLER,2018,https://www.youtube.com/watch?v=bsrmvc440SI,https://www.youtube.com/watch?v=bsrmvc440SI,https://www.youtube.com/watch?v=bsrmvc440SI
THE CURIOUS CAT BOOK,2018,https://bbdo.com/work/5b182e5bf1e61dad7f19c63c,https://bbdo.com/work/5b182e5bf1e61dad7f19c63c,https://bbdo.com/work/5b182e5bf1e61dad7f19c63c
THE EQUALITY BILL,2018,https://www.youtube.com/watch?v=AHQrD2TUMdg,https://www.youtube.com/watch?v=AHQrD2TUMdg,https://www.youtube.com/watch?v=AHQrD2TUMdg
THE FADING FONT,2018,https://www.dentsu.com/sg/en/our-work/case-studies-the-fading-font/case-studies-mcgarrybowen-the-fading-font,https://www.dentsu.com/sg/en/our-work/case-studies-the-fading-font/case-studies-mcgarrybowen-the-fading-font,https://www.dentsu.com/sg/en/our-work/case-studies-the-fading-font/case-studies-mcgarrybowen-the-fading-font
THE FAITH OF A FEW,2018,https://clios.com/awards/winner/film-technique-cinematography/bmw-group-mini-brand-management/the-faith-of-a-few-37540,https://clios.com/awards/winner/film-technique-cinematography/bmw-group-mini-brand-management/the-faith-of-a-few-37540,https://clios.com/awards/winner/film-technique-cinematography/bmw-group-mini-brand-management/the-faith-of-a-few-37540
THE FALL,2018,https://clios.com/health/winner/film-health-wellness/hospital-de-amor/hospital-de-amor-the-fall-48451,https://clios.com/health/winner/film-health-wellness/hospital-de-amor/hospital-de-amor-the-fall-48451,https://clios.com/health/winner/film-health-wellness/hospital-de-amor/hospital-de-amor-the-fall-48451
THE GALLERY OF EMERGING SPECIES,2018,https://clios.com/awards/winner/branded-content/hasbro-play-doh/the-gallery-of-emerging-species-42539,https://clios.com/awards/winner/branded-content/hasbro-play-doh/the-gallery-of-emerging-species-42539,https://clios.com/awards/winner/branded-content/hasbro-play-doh/the-gallery-of-emerging-species-42539
THE HONEST PROPOSAL,2018,https://www.behance.net/gallery/72409531/The-Honest-Proposal,https://www.behance.net/gallery/72409531/The-Honest-Proposal,https://www.behance.net/gallery/72409531/The-Honest-Proposal
THE MOST WELL REVIEWED CITY ON AMAZON,2018,https://www.barkleyus.com/ideas/amazon/,https://www.barkleyus.com/ideas/amazon/,https://barkleyokrp.com/ideas/amazon/
THE PRICE OF EQUALITY,2018,https://www.youtube.com/watch?v=aD7n0N_X62Y&ab_channel=%23LatinosEnCannes,https://www.youtube.com/watch?v=aD7n0N_X62Y&ab_channel=%23LatinosEnCannes,https://www.youtube.com/watch?v=aD7n0N_X62Y&ab_channel=%23LatinosEnCannes
THE WORST SONG IN THE WORLD,2018,https://clios.com/awards/winner/film/monoprix/the-worst-song-in-the-world-49232,https://clios.com/awards/winner/film/monoprix/the-worst-song-in-the-world-49232,https://clios.com/awards/winner/film/monoprix/the-worst-song-in-the-world-49232
TINY DOLL,2018,https://www.wundermanthompson.com/work/tiny-doll-gentlenotweak,https://www.wundermanthompson.com/work/tiny-doll-gentlenotweak,https://www.vml.com/work/tiny-doll-gentlenotweak
TOGETHER #WEPLAYSTRONG,2018,https://www.fcbinferno.com/work/case-studies/together-weplaystrong/,https://www.fcbinferno.com/work/case-studies/together-weplaystrong/,https://www.fcblondon.com/work/case-studies/together-weplaystrong
VOCES EXPERTAS,2018,https://clios.com/entertainment/winner/television-streaming-original-content/triple-s/experienced-voices-44516,https://clios.com/entertainment/winner/television-streaming-original-content/triple-s/experienced-voices-44516,https://clios.com/entertainment/winner/television-streaming-original-content/triple-s/experienced-voices-44516
WOULD YOU HAVE A COFFEE WITH A STRANGER?,2018,https://clios.com/awards/winner/public-relations/frivillig-no/would-you-have-coffee-with-a-stranger--49084,https://clios.com/awards/winner/public-relations/frivillig-no/would-you-have-coffee-with-a-stranger--49084,https://clios.com/awards/winner/public-relations/frivillig-no/would-you-have-coffee-with-a-stranger--49084
YOUTH CAN DO IT,2018,https://theandpartnership.com/projects/youth-can-do-it/,https://theandpartnership.com/projects/youth-can-do-it/,https://theandpartnership.com/projects/youth-can-do-it/
ZWEMMER,2018,https://www.adcn.nl/archives/zwemmer,https://www.adcn.nl/archives/zwemmer,https://www.adcn.nl/archives/zwemmer
A WORLD WITH NO HEROES,2017,,https://clios.com/awards/winner/digital-mobile-technique/ubisoft/a-world-with-no-heroes-22300,https://clios.com/awards/winner/digital-mobile-technique/ubisoft/a-world-with-no-heroes-22300
AMAZON WARRIORS SAFE COLLECTION,2017,https://clios.com/health/winner/public-relations-health-wellness/ananse/amazon-warriors-safe-collection-31458,https://clios.com/health/winner/public-relations-health-wellness/ananse/amazon-warriors-safe-collection-31458,https://clios.com/health/winner/public-relations-health-wellness/ananse/amazon-warriors-safe-collection-31458
AUKTYON ON THE SUN,2017,https://clios.com/music/winner/innovation/auktyon-band/on-the-sun-21977,https://clios.com/music/winner/innovation/auktyon-band/on-the-sun-21977,https://clios.com/music/winner/innovation/auktyon-band/on-the-sun-21977
BRAD IS SINGLE,2017,https://www.youtube.com/watch?v=EKgclrmuJmM&ab_channel=TheTravelAwards,https://www.youtube.com/watch?v=EKgclrmuJmM&ab_channel=TheTravelAwards,https://www.youtube.com/watch?v=EKgclrmuJmM&ab_channel=TheTravelAwards
BRADSHAW STAIN,2017,https://javiercampopiano.squarespace.com/tide-bradshaw-stain,https://javiercampopiano.squarespace.com/tide-bradshaw-stain,https://javiercampopiano.squarespace.com/tide-bradshaw-stain
BUY BACK THE BLOCK,2017,,https://clios.com/awards/winner/brand-partnerships-collaborations/checkers-rally-s/buy-back-the-block-22111,https://clios.com/awards/winner/brand-partnerships-collaborations/checkers-rally-s/buy-back-the-block-22111
"DARWIN, EINSTEIN, MOZART",2017,https://www.sarshadrakeford.com/autism-nz-radio,https://www.sarshadrakeford.com/autism-nz-radio,https://www.sarshadrakeford.com/autism-nz-radio
#DONOTABANDON,2017,https://www.youtube.com/watch?v=CLn5GhTdY2c&ab_channel=DemusMC,https://www.youtube.com/watch?v=CLn5GhTdY2c&ab_channel=DemusMC,https://www.youtube.com/watch?v=CLn5GhTdY2c&ab_channel=DemusMC
DOORS OF THRONES,2017,https://www.youtube.com/watch?v=5KN99jVU8BI&ab_channel=TheTravelAwards,https://www.youtube.com/watch?v=5KN99jVU8BI&ab_channel=TheTravelAwards,https://www.youtube.com/watch?v=5KN99jVU8BI&ab_channel=TheTravelAwards
DOWN SYNDROME ANSWERS,2017,http://fcbtoronto.com/our-work/down-syndrome-answers/,http://fcbtoronto.com/our-work/down-syndrome-answers/,http://www.fcbtoronto.com/our-work/down-syndrome-answers/
EPIDEMICS + CATASTROPHE + DEFORESTATION + EDUCATION,2017,https://www.jesusmorilla.com/opel-load,https://www.jesusmorilla.com/opel-load,https://www.jesusmorilla.com/opel-load
EVERY SPEED HAS A CONSEQUENCE,2017,https://clios.com/awards/winner/film/transport-accident-commission-victoria/every-speed-has-a-consequence-25727,https://clios.com/awards/winner/film/transport-accident-commission-victoria/every-speed-has-a-consequence-25727,https://clios.com/awards/winner/film/transport-accident-commission-victoria/every-speed-has-a-consequence-25727
EVERYTHING IN BLACK & WHITE,2017,https://lobo.cx/leica-everything-in-black-and-white/,https://lobo.cx/leica-everything-in-black-and-white/,https://lobo.cx/leica-everything-in-black-and-white
FIRECRACKER,2017,https://www.bestadsontv.com/ad/87354/KFC-Australia-Firecracker,https://www.bestadsontv.com/ad/87354/KFC-Australia-Firecracker,https://www.bestadsontv.com/ad/87354/KFC-Australia-Firecracker
FUNERAL FOR KENT,2017,https://www.youtube.com/watch?v=4VET8zkQsGM&ab_channel=SonyMusicLearning,https://www.youtube.com/watch?v=4VET8zkQsGM&ab_channel=SonyMusicLearning,https://www.youtube.com/watch?v=4VET8zkQsGM&ab_channel=SonyMusicLearning
GIRLS OF PARADISE,2017,https://clios.com/awards/winner/audio/mouvement-du-nid/girls-of-paradise-13503,https://clios.com/awards/winner/audio/mouvement-du-nid/girls-of-paradise-13503,https://clios.com/awards/winner/audio/mouvement-du-nid/girls-of-paradise-13503
GIVE A BEEP,2017,,https://www.hannastenwall.com/projects/give-a-beep,https://www.hannastenwall.com/projects/give-a-beep
#GIVEHER5,2017,https://www.youtube.com/watch?v=T6PKddieRC0&ab_channel=Revolt,https://www.youtube.com/watch?v=T6PKddieRC0&ab_channel=Revolt,https://www.youtube.com/watch?v=T6PKddieRC0&ab_channel=Revolt
GLITCH,2017,https://www.wojciechzalot.com/adidas-glitch,https://www.wojciechzalot.com/adidas-glitch,https://www.wojciechzalot.com/adidas-glitch
HIDDEN KIDS,2017,https://ricardowolff.com/VOLKSWAGEN-HIDDEN-KIDS,https://ricardowolff.com/VOLKSWAGEN-HIDDEN-KIDS,https://ricardowolff.com/VOLKSWAGEN-HIDDEN-KIDS
HOME,2017,https://www.thedrum.com/creative-works/project/black-sheep-unhcr-home,https://www.thedrum.com/creative-works/project/black-sheep-unhcr-home,https://www.thedrum.com/creative-works/project/black-sheep-unhcr-home
HUMAN BY DESIGN,2017,http://www.emchao.com/portfolio/hxd/,http://www.emchao.com/portfolio/hxd/,https://emchao.com/portfolio/hxd
"I’M ADA, I CAN HELP",2017,https://clios.com/health/winner/digital-mobile-health-wellness/ada-health-inc-/i-m-ada-i-can-help-33646,https://clios.com/health/winner/digital-mobile-health-wellness/ada-health-inc-/i-m-ada-i-can-help-33646,https://clios.com/health/winner/digital-mobile-health-wellness/ada-health-inc-/i-m-ada-i-can-help-33646
IKEA RESPONDS TO BALENCIAGA,2017,https://www.tiagopinho.work/#/ikea/,https://www.tiagopinho.work/#/ikea/,https://www.tiagopinho.work/#/ikea/
#JENESUPPORTEPASLESBLEUS,2017,https://clios.com/awards/winner/public-relations/elle-s-imagine-nt/jenesupportepaslesbleus-29624,https://clios.com/awards/winner/public-relations/elle-s-imagine-nt/jenesupportepaslesbleus-29624,https://clios.com/awards/winner/public-relations/elle-s-imagine-nt/jenesupportepaslesbleus-29624
KEEPERS OF THE GAME,2017,https://tribecafilm.com/studios/keepers-of-the-game,https://tribecafilm.com/studios/keepers-of-the-game,https://tribecafilm.com/studios/keepers-of-the-game
MARRIAGE MARKET TAKEOVER,2017,https://forsman.co/work/sk-ii/change-destiny,https://forsman.co/work/sk-ii/change-destiny,https://www.forsman.com/work/sk-ii/change-destiny
MELANOMA MONSTERS,2017,https://guillermoaracena.com/project/print-ads,https://guillermoaracena.com/project/print-ads,https://www.guillermoaracena.com/project/print-ads
NO MORE BLACK TARGETS,2017,https://clios.com/awards/winner/brand-design/new-york-society-for-ethical-culture/no-more-black-targets-29168,https://clios.com/awards/winner/brand-design/new-york-society-for-ethical-culture/no-more-black-targets-29168,https://clios.com/awards/winner/brand-design/new-york-society-for-ethical-culture/no-more-black-targets-29168
NO ONE SHOULD HAVE NO ONE,2017,https://drum.co.uk/archives/work/no-one-should-have-no-one-at-christmas,https://drum.co.uk/archives/work/no-one-should-have-no-one-at-christmas,https://drum.co.uk/archives/work/no-one-should-have-no-one-at-christmas
ONE SOURCE: CAMPAIGN,2017,https://www.wpp.com/featured/work/2018/06/vml-absolut-one-source,https://www.wpp.com/featured/work/2018/06/vml-absolut-one-source,https://www.wpp.com/featured/work/2018/06/vml-absolut-one-source
OPEL SIGNALS,2017,https://www.jesusmorilla.com/opel-signals,https://www.jesusmorilla.com/opel-signals,https://www.jesusmorilla.com/opel-signals
OUTCAST INTERACTIVE TRAILER: “POSSESSION BEGINS”,2017,https://clios.com/entertainment/winner/television-streaming-digital-mobile-technique/cinemax-outcast/outcast-interactive-trailer-possession-begins-14134,https://clios.com/entertainment/winner/television-streaming-digital-mobile-technique/cinemax-outcast/outcast-interactive-trailer-possession-begins-14134,https://clios.com/entertainment/winner/television-streaming-digital-mobile-technique/cinemax-outcast/outcast-interactive-trailer-possession-begins-14134
"PARIS, BRITNEY, HARRY",2017,https://www.grey.africa/pf/duracell-radio-spots/,https://www.grey.africa/pf/duracell-radio-spots/,https://www.grey.africa/pf/duracell-radio-spots/
PORTRAIT COMPLETED,2017,https://www.nicolasmejia.com/kiwi-shoe-care,https://www.nicolasmejia.com/kiwi-shoe-care,https://nicomejia.com/kiwi-shoe-care
PROTECTING US,2017,https://www.marcelopadoca.com/new-page-40,https://www.marcelopadoca.com/new-page-40,https://www.marcelopadoca.com/new-page-40
QQ ALERT: HOPE NEVER DIES,2017,https://www.youtube.com/watch?v=4ZwJCTNT_Ps&ab_channel=XinYang,https://www.youtube.com/watch?v=4ZwJCTNT_Ps&ab_channel=XinYang,https://www.youtube.com/watch?v=4ZwJCTNT_Ps&ab_channel=XinYang
RADIO: COLLECTION OF POOPHEMISIMS,2017,https://sites.wpp.com/wppedcream/2017/advertising/radio/a-collection-of-poophemisims?c=74ac44fc-c773-45d5-a42c-51d025216eb3,https://sites.wpp.com/wppedcream/2017/advertising/radio/a-collection-of-poophemisims?c=74ac44fc-c773-45d5-a42c-51d025216eb3,https://sites.wpp.com/wppedcream/2017/advertising/radio/a-collection-of-poophemisims?c=74ac44fc-c773-45d5-a42c-51d025216eb3
RIMOWA ELECTRONIC TAG,2017,,https://clios.com/awards/winner/digital-mobile/rimowa/rimowa-electronic-tag-20917,https://clios.com/awards/winner/digital-mobile/rimowa/rimowa-electronic-tag-20917
"SAUNA, URINALS",2017,,https://www.lucianogriessi.com/volkswagen,https://www.lucianogriessi.com/volkswagen
SOUNDS OF CONQUEST,2017,https://clios.com/sports/winner/integrated-campaign/caixa-economica-federal/sounds-of-conquest-16665,https://clios.com/sports/winner/integrated-campaign/caixa-economica-federal/sounds-of-conquest-16665,https://clios.com/sports/winner/integrated-campaign/caixa-economica-federal/sounds-of-conquest-16665
TALKING HANDS THERAPY,2017,https://clios.com/health/winner/events-experiential-health-wellness/fumerac-fundaci%C3%B3n-mexicana-para-enfermos-reum%C3%A1ti/talking-hands-34022,https://clios.com/health/winner/events-experiential-health-wellness/fumerac-fundaci%C3%B3n-mexicana-para-enfermos-reum%C3%A1ti/talking-hands-34022,https://clios.com/health/winner/events-experiential-health-wellness/fumerac-fundaci%C3%B3n-mexicana-para-enfermos-reum%C3%A1ti/talking-hands-34022
THE APP YOU’LL BE GLAD YOU DON’T NEED,2017,https://clios.com/awards/winner/digital-mobile/united-we-dream/notifica-the-app-you-ll-be-glad-you-don-t-need--27657,https://clios.com/awards/winner/digital-mobile/united-we-dream/notifica-the-app-you-ll-be-glad-you-don-t-need--27657,https://clios.com/awards/winner/digital-mobile/united-we-dream/notifica-the-app-you-ll-be-glad-you-don-t-need--27657
THE BIGGEST SPORTS ENDORSEMENT DEAL OF ALL TIME,2017,https://clios.com/awards/winner/public-relations/archer-wolf-llc/the-biggest-sports-endorsement-deal-of-all-time-27592,https://clios.com/awards/winner/public-relations/archer-wolf-llc/the-biggest-sports-endorsement-deal-of-all-time-27592,https://clios.com/awards/winner/public-relations/archer-wolf-llc/the-biggest-sports-endorsement-deal-of-all-time-27592
THE BOX THAT KEEPS GIVING,2017,https://nelsparkman.com/Godiva-The-Box-That-Keeps-Giving,https://nelsparkman.com/Godiva-The-Box-That-Keeps-Giving,https://nelsparkman.com/Godiva-The-Box-That-Keeps-Giving
THE SHARED STORY OF HARRY AND AHMED,2017,https://www.dandad.org/awards/professional/2017/digital-marketing/26384/unicef-the-shared-story-of-harry-and-ahmed/,https://www.dandad.org/awards/professional/2017/digital-marketing/26384/unicef-the-shared-story-of-harry-and-ahmed/,https://www.dandad.org/awards/professional/2017/digital-marketing/26384/unicef-the-shared-story-of-harry-and-ahmed
THE SWIMMER,2017,https://www.adcn.nl/archives/zwemmer,https://www.adcn.nl/archives/zwemmer,https://www.adcn.nl/archives/zwemmer
THE SWIMMER,2017,,https://www.adcn.nl/archives/zwemmer,https://www.adcn.nl/archives/zwemmer
TIME TO GET OUT THERE,2017,https://ricardowolff.com/VOLKSWAGEN-SUVs,https://ricardowolff.com/VOLKSWAGEN-SUVs,https://ricardowolff.com/VOLKSWAGEN-SUVs
TOMCAT: FACEBOOK,2017,https://www.nickkaplan.com/FACEBOOK-NOT-LIVE,https://www.nickkaplan.com/FACEBOOK-NOT-LIVE,https://www.nickkaplan.com/FACEBOOK-NOT-LIVE
TRUMP,2017,https://www.youtube.com/watch?v=sYzLxHTV_tQ&ab_channel=TheTravelAwards,https://www.youtube.com/watch?v=sYzLxHTV_tQ&ab_channel=TheTravelAwards,https://www.youtube.com/watch?v=sYzLxHTV_tQ&ab_channel=TheTravelAwards
UNSUCCESSFUL TICKET SAMPLING,2017,https://ingostockholm.se/folkoperan.html,https://ingostockholm.se/folkoperan.html,https://ingostockholm.se/folkoperan
UNTIL WE ALL BELONG,2017,https://www.youtube.com/watch?v=FHqcfyXcjjU&ab_channel=TheTravelAwards,https://www.youtube.com/watch?v=FHqcfyXcjjU&ab_channel=TheTravelAwards,https://www.youtube.com/watch?v=FHqcfyXcjjU&ab_channel=TheTravelAwards
VAN GOGH’S BEDROOMS,2017,https://www.youtube.com/watch?v=UAdgxQjKX3k&ab_channel=TheTravelAwards,https://www.youtube.com/watch?v=UAdgxQjKX3k&ab_channel=TheTravelAwards,https://www.youtube.com/watch?v=UAdgxQjKX3k&ab_channel=TheTravelAwards
VENMO MICRO HACK,2017,http://www.fannyjosefsson.com/water-is-life,http://www.fannyjosefsson.com/water-is-life,http://www.fannyjosefsson.com/water-is-life
VISIT BRITAIN,2017,https://www.youtube.com/watch?v=5pTYlCFjt54&ab_channel=TheTravelAwards,https://www.youtube.com/watch?v=5pTYlCFjt54&ab_channel=TheTravelAwards,https://www.youtube.com/watch?v=5pTYlCFjt54&ab_channel=TheTravelAwards
3 PRETTY PLAYFUL MINUTES,2016,https://www.adsoftheworld.com/campaign/tic-tac-la-comunidad-05-2016,https://www.adsoftheworld.com/campaign/tic-tac-la-comunidad-05-2016,https://www.adsoftheworld.com/campaign/tic-tac-la-comunidad-05-2016
ANTI-RIVAL VACCINE,2016,https://sites.wpp.com/wppedcream/2016/advertising/promo_activation/anti_rival_vaccine/,https://sites.wpp.com/wppedcream/2016/advertising/promo_activation/anti_rival_vaccine/,https://sites.wpp.com/wppedcream/2016/advertising/promo_activation/anti_rival_vaccine/
CLOSE SHAVE STORIES,2016,https://sites.wpp.com/wppedcream/2016/advertising/radio/close_shave_stories/,https://sites.wpp.com/wppedcream/2016/advertising/radio/close_shave_stories/,https://sites.wpp.com/wppedcream/2016/advertising/radio/close_shave_stories/
"DUCK, SQUID, PIG",2016,https://www.adsoftheworld.com/campaign/sunlight-lowe-06-2016,https://www.adsoftheworld.com/campaign/sunlight-lowe-06-2016,https://www.adsoftheworld.com/campaign/sunlight-lowe-06-2016
EMERGENCY PIN CODE,2016,https://sites.wpp.com/wppedcream/2016/digital/emergency_pin_code,https://sites.wpp.com/wppedcream/2016/digital/emergency_pin_code,https://sites.wpp.com/wppedcream/2016/digital/emergency_pin_code
"FIRE, EMERGENCY, ROBBERY",2016,https://www.behance.net/gallery/38625923/Better-to-park-at-the-front-door,https://www.behance.net/gallery/38625923/Better-to-park-at-the-front-door,https://www.behance.net/gallery/38625923/Better-to-park-at-the-front-door
"FISH, CARDINAL, BABY, MILKMAN",2016,https://creativepool.com/jsragency/projects/carioca-studio-win-cannes-lions-for-babybel-,https://creativepool.com/jsragency/projects/carioca-studio-win-cannes-lions-for-babybel-,https://creativepool.com/jsragency/projects/carioca-studio-win-cannes-lions-for-babybel-
FREE THE KIDS,2016,https://www.mullenlowegroupuk.com/our-work/unilever-highlights-global-plight-of-childhood-play/,https://www.mullenlowegroupuk.com/our-work/unilever-highlights-global-plight-of-childhood-play/,https://www.mullenlowegroupuk.com/our-work/unilever-highlights-global-plight-of-childhood-play/
GAME OF THRONES SHAME,2016,https://kirano.me/portfolio/sky/,https://kirano.me/portfolio/sky/,https://kirano.me/portfolio/sky/
HCD RINK BINGO,2016,https://clios.com/awards/winner/engagement-experiential/hockey-club-davos/rink-bingo-13217,https://clios.com/awards/winner/engagement-experiential/hockey-club-davos/rink-bingo-13217,https://clios.com/awards/winner/engagement-experiential/hockey-club-davos/rink-bingo-13217
"HILL, LAMB, MORAN, BROOKES",2016,https://sites.wpp.com/wppedcream/2016/advertising/outdoor/the_journalist_campaign,https://sites.wpp.com/wppedcream/2016/advertising/outdoor/the_journalist_campaign,https://sites.wpp.com/wppedcream/2016/advertising/outdoor/the_journalist_campaign
#IAMMUSLIM,2016,https://www.vmlyr.com/en-za/south-africa/work/passop-iammuslim,https://www.vmlyr.com/en-za/south-africa/work/passop-iammuslim,https://www.vmlyr.com/en-za/south-africa/work/passop-iammuslim
IGUGU KHANYI,2016,https://www.youtube.com/watch?v=rVYd5rD6y3I&ab_channel=CellCSouthAfrica,https://www.youtube.com/watch?v=rVYd5rD6y3I&ab_channel=CellCSouthAfrica,https://www.youtube.com/watch?v=rVYd5rD6y3I&ab_channel=CellCSouthAfrica
IGUGU THEMBI,2016,https://www.youtube.com/watch?v=ZiAvyugaadg&ab_channel=CellCSouthAfrica,https://www.youtube.com/watch?v=ZiAvyugaadg&ab_channel=CellCSouthAfrica,https://www.youtube.com/watch?v=ZiAvyugaadg&ab_channel=CellCSouthAfrica
IKEA DECISIONS,2016,https://ricardowolff.com/IKEA-DECISIONS,https://ricardowolff.com/IKEA-DECISIONS,https://ricardowolff.com/IKEA-DECISIONS
ITV2,2016,https://clios.com/awards/winner/brand-design/itv/itv2-13485,https://clios.com/awards/winner/brand-design/itv/itv2-13485,https://clios.com/awards/winner/brand-design/itv/itv2-13485
"JABU, DARRYL",2016,https://clios.com/health/winner/film/cansa-the-cancer-association-of-south-africa/darryl-14591,https://clios.com/health/winner/film/cansa-the-cancer-association-of-south-africa/darryl-14591,https://clios.com/health/winner/film/cansa-the-cancer-association-of-south-africa/darryl-14591
JANE,2016,https://clios.com/music/winner/use-of-music/jane-12697,https://clios.com/music/winner/use-of-music/jane-12697,https://clios.com/music/winner/use-of-music/jane-12697
LAST,2016,https://www.youtube.com/watch?v=ptoi8BIdRRQ&ab_channel=nikeindia,https://www.youtube.com/watch?v=ptoi8BIdRRQ&ab_channel=nikeindia,https://www.youtube.com/watch?v=ptoi8BIdRRQ&ab_channel=nikeindia
"LAST ONE TO GET MARRIED, MOM AT 40",2016,https://sites.wpp.com/wppedcream/2016/advertising/radio/last_one_to_get_married_mom,https://sites.wpp.com/wppedcream/2016/advertising/radio/last_one_to_get_married_mom,https://sites.wpp.com/wppedcream/2016/advertising/radio/last_one_to_get_married_mom
MARGOT VS LILY,2016,http://www.darcieburrell.com/margot-vs-lily/2016/12/15/episode-4-trolls,http://www.darcieburrell.com/margot-vs-lily/2016/12/15/episode-4-trolls,https://www.darcieburrell.com/margot-vs-lily/2016/12/15/episode-4-trolls
MCTRAX,2016,https://www.adcn.nl/archives/mctrax,https://www.adcn.nl/archives/mctrax,https://www.adcn.nl/archives/mctrax
MEET HALFWAY,2016,http://aemile.com/17/project/paypal,http://aemile.com/17/project/paypal,http://aemile.com/17/project/paypal
"MERKEL, OBAMA, PUTIN, POPE",2016,https://sites.wpp.com/wppedcream/2016/advertising/print/merkel_obama_pope_putin_kim/,https://sites.wpp.com/wppedcream/2016/advertising/print/merkel_obama_pope_putin_kim/,https://sites.wpp.com/wppedcream/2016/advertising/print/merkel_obama_pope_putin_kim/
"ORIGINAL: SAMBA, BOSSA NOVA, FUTEBOL, PIER",2016,https://www.lucianolincoln.com/havaianas-1,https://www.lucianolincoln.com/havaianas-1,https://www.lucianolincoln.com/havaianas-1
OUT THERE,2016,https://clios.com/awards/winner/branded-content/canada-goose/out-there-13299,https://clios.com/awards/winner/branded-content/canada-goose/out-there-13299,https://clios.com/awards/winner/branded-content/canada-goose/out-there-13299
PROTEST,2016,https://www.adsoftheworld.com/campaign/prematek-ddb-05-2016,https://www.adsoftheworld.com/campaign/prematek-ddb-05-2016,https://www.adsoftheworld.com/campaign/prematek-ddb-05-2016
RAISING EYEBROWS AND SUBSCRIPTIONS,2016,https://www.impactproximity.com/work/raising-eyebrows-and-subscriptions,https://www.impactproximity.com/work/raising-eyebrows-and-subscriptions,https://www.impactproximity.com/work/raising-eyebrows-and-subscriptions
SAFETY INSTRUCTION,2016,https://clios.com/sports/winner/partnerships-sponsorships-endorsements/emirates-sl-benfica/sl-benfica-safety-instructions-12400,https://clios.com/sports/winner/partnerships-sponsorships-endorsements/emirates-sl-benfica/sl-benfica-safety-instructions-12400,https://clios.com/sports/winner/partnerships-sponsorships-endorsements/emirates-sl-benfica/sl-benfica-safety-instructions-12400
"SHOEMAKER, WATCHMAKER, KEYMAKER",2016,https://www.adsoftheworld.com/campaign/espn-africa-06-2016,https://www.adsoftheworld.com/campaign/espn-africa-06-2016,https://www.adsoftheworld.com/campaign/espn-africa-06-2016
SLUMS (HOUSING COLONIES) FOR WORMS,2016,https://clios.com/health/winner/out-of-home/zentel/slums-housing-colonies-for-worms-14642,https://clios.com/health/winner/out-of-home/zentel/slums-housing-colonies-for-worms-14642,https://clios.com/health/winner/out-of-home/zentel/slums-housing-colonies-for-worms-14642
STEP OUT,2016,https://sites.wpp.com/wppedcream/2016/advertising/outdoor/step_out,https://sites.wpp.com/wppedcream/2016/advertising/outdoor/step_out,https://sites.wpp.com/wppedcream/2016/advertising/outdoor/step_out
"STUDENT, GAMEBOY, PAINTER",2016,https://www.adsoftheworld.com/campaign/xalatan-mccann-04-2016,https://www.adsoftheworld.com/campaign/xalatan-mccann-04-2016,https://www.adsoftheworld.com/campaign/xalatan-mccann-04-2016
THE BARBWIRE CAMPAIGN,2016,https://clios.com/awards/winner/brand-design/amnesty-international/the-barbwire-campaign-12886,https://clios.com/awards/winner/brand-design/amnesty-international/the-barbwire-campaign-12886,https://clios.com/awards/winner/brand-design/amnesty-international/the-barbwire-campaign-12886
THE BULLET PEN,2016,https://clios.com/awards/winner/public-relations/the-bulletpen-12870,https://clios.com/awards/winner/public-relations/the-bulletpen-12870,https://clios.com/awards/winner/public-relations/the-bulletpen-12870
THE DILEMMA,2016,https://clios.com/sports/winner/partnerships-sponsorships-endorsements/heineken/the-dilemma-12530,https://clios.com/sports/winner/partnerships-sponsorships-endorsements/heineken/the-dilemma-12530,https://clios.com/sports/winner/partnerships-sponsorships-endorsements/heineken/the-dilemma-12530
THE FULL STORY,2016,https://www.adcn.nl/archives/the-full-story,https://www.adcn.nl/archives/the-full-story,https://www.adcn.nl/archives/the-full-story
THE SAB SPIKE DETECTOR COASTER,2016,https://sites.wpp.com/wppedcream/2016/direct/ambient/the_sab_spike_detector_coaster,https://sites.wpp.com/wppedcream/2016/direct/ambient/the_sab_spike_detector_coaster,https://sites.wpp.com/wppedcream/2016/direct/ambient/the_sab_spike_detector_coaster
THE SUPER BOWL DUNK,2016,https://clios.com/sports/winner/social-media/gatorade/the-super-bowl-dunk-12568,https://clios.com/sports/winner/social-media/gatorade/the-super-bowl-dunk-12568,https://clios.com/sports/winner/social-media/gatorade/the-super-bowl-dunk-12568
ULTIMATE DEATH SCENE,2016,http://kimberliesanders.com/seashepherdultimatedeathscene,http://kimberliesanders.com/seashepherdultimatedeathscene,http://kimberliesanders.com/seashepherdultimatedeathscene
WEBER BBQ CULTURES,2016,https://www.adcn.nl/archives/weber-bbq-cultures,https://www.adcn.nl/archives/weber-bbq-cultures,https://www.adcn.nl/archives/weber-bbq-cultures
WHOPPER SIGN,2016,https://clios.com/awards/winner/social-media/burger-king/whopper-sign-13235,https://clios.com/awards/winner/social-media/burger-king/whopper-sign-13235,https://clios.com/awards/winner/social-media/burger-king/whopper-sign-13235
WIENER STAMPEDE,2016,https://clios.com/awards/winner/film/wiener-stampede-13289,https://clios.com/awards/winner/film/wiener-stampede-13289,https://clios.com/awards/winner/film/wiener-stampede-13289
A BIT BITTER,2015,https://www.adsoftheworld.com/campaign/farnham-ale-lager-lg2-12-2014,https://www.adsoftheworld.com/campaign/farnham-ale-lager-lg2-12-2014,https://www.adsoftheworld.com/campaign/farnham-ale-lager-lg2-12-2014
A SMILE CHANGES THE WHOLE STORY,2015,https://www.adsoftheworld.com/campaign/crest-conill-05-2015,https://www.adsoftheworld.com/campaign/crest-conill-05-2015,https://www.adsoftheworld.com/campaign/crest-conill-05-2015
BLIND TRIP,2015,https://clios.com/awards/winner/direct/ministry-of-transportation-and-tourism/blind-trip-1285,https://clios.com/awards/winner/direct/ministry-of-transportation-and-tourism/blind-trip-1285,https://clios.com/awards/winner/direct/ministry-of-transportation-and-tourism/blind-trip-1285
CARPET & RUG PROTECTOR,2015,https://www.adsoftheworld.com/campaign/scotchgard-lowe-12-2015,https://www.adsoftheworld.com/campaign/scotchgard-lowe-12-2015,https://www.adsoftheworld.com/campaign/scotchgard-lowe-12-2015
INDIFFERENCE,2015,https://www.adsoftheworld.com/campaign/museum-of-memory-tolerance-made-07-2015,https://www.adsoftheworld.com/campaign/museum-of-memory-tolerance-made-07-2015,https://www.adsoftheworld.com/campaign/museum-of-memory-tolerance-made-07-2015
KEEP OUT OF CHILDREN’S REACH,2015,http://www.bestadsontv.com/files/print/2014/Dec/67520_EnglishSantana.jpg,http://www.bestadsontv.com/files/print/2014/Dec/67520_EnglishSantana.jpg,https://www.bestadsontv.com/files/print/2014/Dec/67520_EnglishSantana.jpg
LEARNING ON THE WAY,2015,https://clios.com/awards/winner/audio/adn/learning-on-the-way-13106,https://clios.com/awards/winner/audio/adn/learning-on-the-way-13106,https://clios.com/awards/winner/audio/adn/learning-on-the-way-13106
ROTTEN CELLS,2015,https://clios.com/health/winner/out-of-home/fischel-drugstores/rotten-cells-1432,https://clios.com/health/winner/out-of-home/fischel-drugstores/rotten-cells-1432,https://clios.com/health/winner/out-of-home/fischel-drugstores/rotten-cells-1432
SOME STAINS ARE NOT MEANT TO DISAPPEAR,2015,https://www.adsoftheworld.com/campaign/green-works-alma-04-2015,https://www.adsoftheworld.com/campaign/green-works-alma-04-2015,https://www.adsoftheworld.com/campaign/green-works-alma-04-2015
THE CANCER SUTRA,2015,http://jephedrine.com/cancer-sutra,http://jephedrine.com/cancer-sutra,http://jephedrine.com/cancer-sutra
THE MONSTER-SMART LAUNCH,2015,https://clios.com/awards/winner/direct/daimler-ag-smart-mm/the-monster-smart-launch-13,https://clios.com/awards/winner/direct/daimler-ag-smart-mm/the-monster-smart-launch-13,https://clios.com/awards/winner/direct/daimler-ag-smart-mm/the-monster-smart-launch-13
THE RETURN OF COACH LASSO,2015,https://clios.com/sports/winner/film/nbc-sports/the-return-of-coach-lasso-2319,https://clios.com/sports/winner/film/nbc-sports/the-return-of-coach-lasso-2319,https://clios.com/sports/winner/film/nbc-sports/the-return-of-coach-lasso-2319
THE WEDDINGLOPE,2015,https://clios.com/awards/winner/design/rosenthal/the-weddinglope-326,https://clios.com/awards/winner/design/rosenthal/the-weddinglope-326,https://clios.com/awards/winner/design/rosenthal/the-weddinglope-326
UNFORGETTABLE SHOTS,2015,https://clios.com/awards/winner/out-of-home/shopping-sp-market-projeto-caminho-de-volta/unforgettable-shots-1184,https://clios.com/awards/winner/out-of-home/shopping-sp-market-projeto-caminho-de-volta/unforgettable-shots-1184,https://clios.com/awards/winner/out-of-home/shopping-sp-market-projeto-caminho-de-volta/unforgettable-shots-1184
VIAOPTADAILY,2015,https://www.youtube.com/watch?v=1iU541hQz0c,https://www.youtube.com/watch?v=1iU541hQz0c,https://www.youtube.com/watch?v=1iU541hQz0c
YOU GIVE MORE THAN JUST BLOOD,2015,https://www.adsoftheworld.com/campaign/city-of-buenos-aires-la-comunidad-12-2015,https://www.adsoftheworld.com/campaign/city-of-buenos-aires-la-comunidad-12-2015,https://www.adsoftheworld.com/campaign/city-of-buenos-aires-la-comunidad-12-2015
AMAZING STREET HACKS,2014,https://www.youtube.com/watch?v=gbswS7AcrnI&ab_channel=HavasGroup,https://www.youtube.com/watch?v=gbswS7AcrnI&ab_channel=HavasGroup,https://www.youtube.com/watch?v=gbswS7AcrnI&ab_channel=HavasGroup
BOARDWALK,2014,https://www.youtube.com/watch?v=1BOfhSVUI38&ab_channel=AdFibs.Com,https://www.youtube.com/watch?v=1BOfhSVUI38&ab_channel=AdFibs.Com,https://www.youtube.com/watch?v=1BOfhSVUI38&ab_channel=AdFibs.Com
CAT LADY,2014,https://www.youtube.com/watch?v=AqrnQ1KdR20&ab_channel=AndrewKovalenko,https://www.youtube.com/watch?v=AqrnQ1KdR20&ab_channel=AndrewKovalenko,https://www.youtube.com/watch?v=AqrnQ1KdR20&ab_channel=AndrewKovalenko
CENTRAL PARK CONSERVANCY RECEPTACLES,2014,https://landor.com/work/central-park-conservancy,https://landor.com/work/central-park-conservancy,https://landor.com/work/central-park-conservancy/
"CRACK, SNOG, SACK",2014,https://www.adsoftheworld.com/campaign/road-lodge-tbwa-06-2014,https://www.adsoftheworld.com/campaign/road-lodge-tbwa-06-2014,https://www.adsoftheworld.com/campaign/road-lodge-tbwa-06-2014
DADDY,2014,https://www.youtube.com/watch?v=cE-1DNrcls4&ab_channel=HavasGroup,https://www.youtube.com/watch?v=cE-1DNrcls4&ab_channel=HavasGroup,https://www.youtube.com/watch?v=cE-1DNrcls4&ab_channel=HavasGroup
"DIANA TUNNEL,NAPALM GIRL,MANDELA IN PRISON",2014,https://www.adsoftheworld.com/campaign/mail-guardian-tbwa-06-2014,https://www.adsoftheworld.com/campaign/mail-guardian-tbwa-06-2014,https://www.adsoftheworld.com/campaign/mail-guardian-tbwa-06-2014
FRIEND COMPASS,2014,https://www.youtube.com/watch?v=I2hi1wZcjOA&ab_channel=McCannParis,https://www.youtube.com/watch?v=I2hi1wZcjOA&ab_channel=McCannParis,https://www.youtube.com/watch?v=I2hi1wZcjOA&ab_channel=McCannParis
"LIMOUSINE, DIRECTORY, GOLF, JEWELRY, JET",2014,https://www.adsoftheworld.com/campaign/tinka-lottery-publicis-06-2014,https://www.adsoftheworld.com/campaign/tinka-lottery-publicis-06-2014,https://www.adsoftheworld.com/campaign/tinka-lottery-publicis-06-2014
NATURE IS TRICKY,2014,https://www.adsoftheworld.com/campaign/jeep-leo-burnett-07-2014,https://www.adsoftheworld.com/campaign/jeep-leo-burnett-07-2014,https://www.adsoftheworld.com/campaign/jeep-leo-burnett-07-2014
"PLASTIC BAG: KIDS, GRANDMA, DUDES",2014,https://www.adsoftheworld.com/campaign/sm-eco-bag-lowe-06-2014,https://www.adsoftheworld.com/campaign/sm-eco-bag-lowe-06-2014,https://www.adsoftheworld.com/campaign/sm-eco-bag-lowe-06-2014
"PUNKS, DUCK HUNTERS, BIKERS",2014,https://www.adsoftheworld.com/campaign/rothhammer-yr-06-2014,https://www.adsoftheworld.com/campaign/rothhammer-yr-06-2014,https://www.adsoftheworld.com/campaign/rothhammer-yr-06-2014
REBIRTH OF SOUND,2014,https://www.wppstream.com/wpp/wppedcream/2015/healthcare/public-service/rebirth_of_sound,https://www.wppstream.com/wpp/wppedcream/2015/healthcare/public-service/rebirth_of_sound,https://www.wpp.com/500.html?aspxerrorpath=/wpp/wppedcream/2015/healthcare/public-service/rebirth_of_sound
REMOTE CONTROL TOURIST,2014,https://www.toolofna.com/work/remote-control-tourist,https://www.toolofna.com/work/remote-control-tourist,https://toolofna.com/work/remote-control-tourist
"ROQUEFORT, PISTACHE, JAMON",2014,https://www.adsoftheworld.com/campaign/santa-casa-de-misericordia-yr-03-2014,https://www.adsoftheworld.com/campaign/santa-casa-de-misericordia-yr-03-2014,https://www.adsoftheworld.com/campaign/santa-casa-de-misericordia-yr-03-2014
"ROQUEFORT, PISTACHE, JAMON",2014,https://www.adsoftheworld.com/campaign/santa-casa-de-misericordia-yr-03-2014,https://www.adsoftheworld.com/campaign/santa-casa-de-misericordia-yr-03-2014,https://www.adsoftheworld.com/campaign/santa-casa-de-misericordia-yr-03-2014
"SEDUCTIVE,INTRIGUING,HEROIC,CLASSY,SEXY",2014,https://www.adsoftheworld.com/campaign/axe-lowe-06-2014,https://www.adsoftheworld.com/campaign/axe-lowe-06-2014,https://www.adsoftheworld.com/campaign/axe-lowe-06-2014
"SPORTS CAR, VINTAGE CAR, TRUCK",2014,https://www.adsoftheworld.com/campaign/howards-auto-body-fitzgeraldco-06-2014,https://www.adsoftheworld.com/campaign/howards-auto-body-fitzgeraldco-06-2014,https://www.adsoftheworld.com/campaign/howards-auto-body-fitzgeraldco-06-2014
STOP ONE. STOP THEM ALL,2014,https://www.adsoftheworld.com/campaign/wwf-leo-burnett-06-2014,https://www.adsoftheworld.com/campaign/wwf-leo-burnett-06-2014,https://www.adsoftheworld.com/campaign/wwf-leo-burnett-06-2014
THE BIG LEAP,2014,https://www.youtube.com/watch?v=BzB3KW4uBhw&ab_channel=HavasGroup,https://www.youtube.com/watch?v=BzB3KW4uBhw&ab_channel=HavasGroup,https://www.youtube.com/watch?v=BzB3KW4uBhw&ab_channel=HavasGroup
THE DAY I VISITED MY SON,2014,https://clios.com/awards/winner/branded-entertainment-content/the-day-i-visited-my-son-a-true-story-3582,https://clios.com/awards/winner/branded-entertainment-content/the-day-i-visited-my-son-a-true-story-3582,https://clios.com/awards/winner/branded-entertainment-content/the-day-i-visited-my-son-a-true-story-3582
THE MOST SERIOUS GAME EVER,2014,https://clios.com/awards/winner/digital-social/the-most-serious-game-ever-3590,https://clios.com/awards/winner/digital-social/the-most-serious-game-ever-3590,https://clios.com/awards/winner/digital-social/the-most-serious-game-ever-3590
THE SLEEPING SUPPORTER,2014,https://www.youtube.com/watch?v=rCoNYiffjEQ&ab_channel=HavasGroup,https://www.youtube.com/watch?v=rCoNYiffjEQ&ab_channel=HavasGroup,https://www.youtube.com/watch?v=rCoNYiffjEQ&ab_channel=HavasGroup
"WILLIAM, DADDY, E.S",2014,https://www.adsoftheworld.com/campaign/cvv-leo-burnett-06-2014,https://www.adsoftheworld.com/campaign/cvv-leo-burnett-06-2014,https://www.adsoftheworld.com/campaign/cvv-leo-burnett-06-2014
A DOG MAKES YOUR LIFE HAPPIER,2013,https://www.adsoftheworld.com/campaign/pedigree-bbdo-06-2013,https://www.adsoftheworld.com/campaign/pedigree-bbdo-06-2013,https://www.adsoftheworld.com/campaign/pedigree-bbdo-06-2013
ABSOLUT UNIQUE,2013,https://www.absolut.com/gulf/absolutcollaborations/absolut-unique/,https://www.absolut.com/gulf/absolutcollaborations/absolut-unique/,https://www.absolut.com/gulf/absolutcollaborations/absolut-unique/
ALL THE MUSCLES YOU NEED,2013,https://www.adsoftheworld.com/campaign/stihl-publicis-05-2013,https://www.adsoftheworld.com/campaign/stihl-publicis-05-2013,https://www.adsoftheworld.com/campaign/stihl-publicis-05-2013
BOTOX,2013,https://clios.com/awards/winner/out-of-home/botox-3451,https://clios.com/awards/winner/out-of-home/botox-3451,https://clios.com/awards/winner/out-of-home/botox-3451
CHAMPIONSHIP,2013,https://www.adsoftheworld.com/campaign/palmers-simple-07-2013,https://www.adsoftheworld.com/campaign/palmers-simple-07-2013,https://www.adsoftheworld.com/campaign/palmers-simple-07-2013
CLOUDS OVER CUBA,2013,https://clios.com/awards/winner/film/clouds-over-cuba-5698,https://clios.com/awards/winner/film/clouds-over-cuba-5698,https://clios.com/awards/winner/film/clouds-over-cuba-5698
DIKEMBE MUTOMBO’S 4 1/2 WEEKS TO SAVE THE WORLD,2013,https://www.youtube.com/watch?v=tbgU8oNdJ5Q&t=1s,https://www.youtube.com/watch?v=tbgU8oNdJ5Q&t=1s,https://www.youtube.com/watch?v=tbgU8oNdJ5Q&t=1s
"EX VS BRIDE,YAKUZA VS MAN,GRANNY VS SADO",2013,https://www.adsoftheworld.com/campaign/chez-restaurant-yr-07-2013,https://www.adsoftheworld.com/campaign/chez-restaurant-yr-07-2013,https://www.adsoftheworld.com/campaign/chez-restaurant-yr-07-2013
FARMER’S LAD,2013,https://www.youtube.com/watch?v=FF_1r65LrBk&ab_channel=Hovis,https://www.youtube.com/watch?v=FF_1r65LrBk&ab_channel=Hovis,https://www.youtube.com/watch?v=FF_1r65LrBk&ab_channel=Hovis
"FLY, BEES, MOSQUITOS",2013,https://www.adsoftheworld.com/campaign/westone-ddb-07-2013,https://www.adsoftheworld.com/campaign/westone-ddb-07-2013,https://www.adsoftheworld.com/campaign/westone-ddb-07-2013
GOOD PAPER PROJECT,2013,https://clios.com/awards/winner/design/good-paper-project-2597,https://clios.com/awards/winner/design/good-paper-project-2597,https://clios.com/awards/winner/design/good-paper-project-2597
GT ACADEMY USA SEASON 2,2013,https://clios.com/awards/winner/branded-entertainment-content/gt-academy-usa-season-2-5623,https://clios.com/awards/winner/branded-entertainment-content/gt-academy-usa-season-2-5623,https://clios.com/awards/winner/branded-entertainment-content/gt-academy-usa-season-2-5623
HEAR IT LIVE,2013,https://www.adsoftheworld.com/campaign/beijing-sports-radio-ogilvy-01-2013,https://www.adsoftheworld.com/campaign/beijing-sports-radio-ogilvy-01-2013,https://www.adsoftheworld.com/campaign/beijing-sports-radio-ogilvy-01-2013
IT NEVER GOES AWAY,2013,https://www.adsoftheworld.com/campaign/the-center-for-protection-of-childrens-rights-foundation-leo-burnett-08-2013,https://www.adsoftheworld.com/campaign/the-center-for-protection-of-childrens-rights-foundation-leo-burnett-08-2013,https://www.adsoftheworld.com/campaign/the-center-for-protection-of-childrens-rights-foundation-leo-burnett-08-2013
LAUNCH SITE ON EBAY,2013,https://forsman.co/work/volvo-trucks/the-launch-site-on-ebay,https://forsman.co/work/volvo-trucks/the-launch-site-on-ebay,https://www.forsman.com/work/volvo-trucks/the-launch-site-on-ebay
"MOTO, DOG, DRUMS",2013,https://www.adsoftheworld.com/campaign/meccano-yr-07-2012,https://www.adsoftheworld.com/campaign/meccano-yr-07-2012,https://www.adsoftheworld.com/campaign/meccano-yr-07-2012
"NOOSE, BUILDING, TRAIN",2013,https://www.adsoftheworld.com/campaign/world-for-all-ogilvy-01-2013,https://www.adsoftheworld.com/campaign/world-for-all-ogilvy-01-2013,https://www.adsoftheworld.com/campaign/world-for-all-ogilvy-01-2013
NUTCASE’S OUTDOOR FITTING ROOM,2013,https://www.youtube.com/watch?v=CX2nvG_O6ic&ab_channel=OgilvyDanmark,https://www.youtube.com/watch?v=CX2nvG_O6ic&ab_channel=OgilvyDanmark,https://www.youtube.com/watch?v=CX2nvG_O6ic&ab_channel=OgilvyDanmark
PARENTAL CONTROL BAR,2013,https://rotch.me/Parental-Control,https://rotch.me/Parental-Control,https://rotch.me/Parental-Control
STORY CHANGES,2013,https://www.adsoftheworld.com/campaign/ecofill-ogilvy-06-2013,https://www.adsoftheworld.com/campaign/ecofill-ogilvy-06-2013,https://www.adsoftheworld.com/campaign/ecofill-ogilvy-06-2013
"SUSPECT, JOURNEY, ARRIVAL, MISTAKE",2013,https://www.adsoftheworld.com/campaign/scrabble-pereira-odell-02-2013,https://www.adsoftheworld.com/campaign/scrabble-pereira-odell-02-2013,https://www.adsoftheworld.com/campaign/scrabble-pereira-odell-02-2013
THE FUTURE OF THE FASHION SHOW,2013,https://www.youtube.com/watch?v=5TAF9OfL99g&ab_channel=Topshop,https://www.youtube.com/watch?v=5TAF9OfL99g&ab_channel=Topshop,https://www.youtube.com/watch?v=5TAF9OfL99g&ab_channel=Topshop
THE MOST POWERFUL ARM EVER INVENTED,2013,https://www.youtube.com/watch?v=afR-7F31Tco,https://www.youtube.com/watch?v=afR-7F31Tco,https://www.youtube.com/watch?v=afR-7F31Tco
THE POWER OF CUTE,2013,https://www.youtube.com/watch?v=qsGCtQcUDZk,https://www.youtube.com/watch?v=qsGCtQcUDZk,https://www.youtube.com/watch?v=qsGCtQcUDZk
THE WORLD’S MOST POWERFUL BANNER,2013,https://clios.com/awards/winner/public-relations/the-worlds-most-powerful-banner-5352,https://clios.com/awards/winner/public-relations/the-worlds-most-powerful-banner-5352,https://clios.com/awards/winner/public-relations/the-worlds-most-powerful-banner-5352
WEYLAND’S 2023 TED TALK,2013,https://www.youtube.com/watch?v=dQpGwnN3dfc&ab_channel=Prometheus,https://www.youtube.com/watch?v=dQpGwnN3dfc&ab_channel=Prometheus,https://www.youtube.com/watch?v=dQpGwnN3dfc&ab_channel=Prometheus
WINDOW SHOPPING,2013,https://www.youtube.com/watch?v=MYBURgFgP7w,https://www.youtube.com/watch?v=MYBURgFgP7w,https://www.youtube.com/watch?v=MYBURgFgP7w
YOU CAN’T GET ANY CLOSE TO THE NEWS.,2013,https://www.adsoftheworld.com/campaign/cape-times-lowe-12-2012,https://www.adsoftheworld.com/campaign/cape-times-lowe-12-2012,https://www.adsoftheworld.com/campaign/cape-times-lowe-12-2012
"ADULT, ACTION, EPIC",2012,https://www.adsoftheworld.com/campaign/cine-las-americas-latinworks-05-2012,https://www.adsoftheworld.com/campaign/cine-las-americas-latinworks-05-2012,https://www.adsoftheworld.com/campaign/cine-las-americas-latinworks-05-2012
AM-PM BLONDE GIRL,2012,https://www.adsoftheworld.com/campaign/mcdonalds-ddb-12-2011,https://www.adsoftheworld.com/campaign/mcdonalds-ddb-12-2011,https://www.adsoftheworld.com/campaign/mcdonalds-ddb-12-2011
COMMANDER,2012,https://www.adsoftheworld.com/campaign/santher-talent-06-2012,https://www.adsoftheworld.com/campaign/santher-talent-06-2012,https://www.adsoftheworld.com/campaign/santher-talent-06-2012
"DULCINEA, MARIA ANTONIETA",2012,https://www.adsoftheworld.com/campaign/stabilo-yr-01-2012,https://www.adsoftheworld.com/campaign/stabilo-yr-01-2012,https://www.adsoftheworld.com/campaign/stabilo-yr-01-2012
LIVE EXPLOSIONS,2012,https://www.youtube.com/watch?v=BrAWljg9yZs,https://www.youtube.com/watch?v=BrAWljg9yZs,https://www.youtube.com/watch?v=BrAWljg9yZs
MINI MAPS,2012,https://clios.com/awards/winner/interactive/mini-maps-7334,https://clios.com/awards/winner/interactive/mini-maps-7334,https://clios.com/awards/winner/interactive/mini-maps-7334
MIS-MATSCH,2012,https://forsman.co/work/goteborgsoperan/mis-match,https://forsman.co/work/goteborgsoperan/mis-match,https://www.forsman.com/work/goteborgsoperan/mis-match
"MUD, ADVENTURES, BRAVERY",2012,https://www.adsoftheworld.com/campaign/omo-lowe-07-2012,https://www.adsoftheworld.com/campaign/omo-lowe-07-2012,https://www.adsoftheworld.com/campaign/omo-lowe-07-2012
NISSAN RUMBLE,2012,https://www.youtube.com/watch?v=tkqLVdi1Wj4&ab_channel=TBWAHelsinki,https://www.youtube.com/watch?v=tkqLVdi1Wj4&ab_channel=TBWAHelsinki,https://www.youtube.com/watch?v=tkqLVdi1Wj4&ab_channel=TBWAHelsinki
ONE LETTER IS ALL IT TAKES,2012,https://osocio.org/message/one-letter-is-all-it-takes/,https://osocio.org/message/one-letter-is-all-it-takes/,https://osocio.org/message/one-letter-is-all-it-takes/
ONLY FREE IS CHEAPER,2012,https://forsman.co/work/tele2/only-free-is-cheaper,https://forsman.co/work/tele2/only-free-is-cheaper,https://www.forsman.com/work/tele2/only-free-is-cheaper
PARKING TICKET,2012,https://www.youtube.com/watch?v=c5-i5DqbmdI&ab_channel=lifesforsharing,https://www.youtube.com/watch?v=c5-i5DqbmdI&ab_channel=lifesforsharing,https://www.youtube.com/watch?v=c5-i5DqbmdI&ab_channel=lifesforsharing
RECLAIM YOUR SPACE,2012,https://www.adsoftheworld.com/campaign/bajaj-leo-burnett-05-2012,https://www.adsoftheworld.com/campaign/bajaj-leo-burnett-05-2012,https://www.adsoftheworld.com/campaign/bajaj-leo-burnett-05-2012
"SNOW WHITE AND SHERLOCK HOLMES, HARRY POTTER AND TROY, LITTLE RED RIDING HOOD AND MOBY DICK",2012,https://www.adsoftheworld.com/campaign/colsubsidio-lowe-04-2012,https://www.adsoftheworld.com/campaign/colsubsidio-lowe-04-2012,https://www.adsoftheworld.com/campaign/colsubsidio-lowe-04-2012
SWEDISH NATIONAL PARKS,2012,https://happy.fb.se/project/sveriges-nationalparker/,https://happy.fb.se/project/sveriges-nationalparker/,http://happy.forsman.com/project/sveriges-nationalparker/
"TAP, FUSE BOX, FILING CABINET, CARBURETOR",2012,https://www.adsoftheworld.com/campaign/medecins-sans-frontieres-mc-saatchi-05-2012,https://www.adsoftheworld.com/campaign/medecins-sans-frontieres-mc-saatchi-05-2012,https://www.adsoftheworld.com/campaign/medecins-sans-frontieres-mc-saatchi-05-2012
TODAYS YOUTH FOR YESTERDAYS YOUTH,2012,https://www.youtube.com/watch?v=uczF1Q-MgWg,https://www.youtube.com/watch?v=uczF1Q-MgWg,https://www.youtube.com/watch?v=uczF1Q-MgWg
VW LOGO CAMPAIGN,2012,,https://www.adsoftheworld.com/campaign/volkswagen-ddb-06-2012_0,https://www.adsoftheworld.com/campaign/volkswagen-ddb-06-2012_0
WALK OF SHAME,2012,https://www.youtube.com/watch?v=qKVbQrUxBY8,https://www.youtube.com/watch?v=qKVbQrUxBY8,https://www.youtube.com/watch?v=qKVbQrUxBY8
"BABY, AIRCRAFT, ROAD CROSSING, PRISM",2011,https://www.adsoftheworld.com/campaign/rolling-stone-ogilvy-06-2010,https://www.adsoftheworld.com/campaign/rolling-stone-ogilvy-06-2010,https://www.adsoftheworld.com/campaign/rolling-stone-ogilvy-06-2010
"BLIND MAN, NERD, BODY BUILDER",2011,https://www.adsoftheworld.com/campaign/snickers-bbdo-07-2011,https://www.adsoftheworld.com/campaign/snickers-bbdo-07-2011,https://www.adsoftheworld.com/campaign/snickers-bbdo-07-2011
"BOYS, GIRLS",2011,https://www.adsoftheworld.com/campaign/tower-hamlets-bbdo-06-2011,https://www.adsoftheworld.com/campaign/tower-hamlets-bbdo-06-2011,https://www.adsoftheworld.com/campaign/tower-hamlets-bbdo-06-2011
"CAMP, UNIVERSITY, AIRPORT",2011,,https://www.adsoftheworld.com/campaign/odis-ogilvy-06-2011,https://www.adsoftheworld.com/campaign/odis-ogilvy-06-2011
"CAT, DOG, RABBIT",2011,https://www.adsoftheworld.com/campaign/bubbles-grey-06-2011,https://www.adsoftheworld.com/campaign/bubbles-grey-06-2011,https://www.adsoftheworld.com/campaign/bubbles-grey-06-2011
"CHICKEN LIPS, TRAFFIC, RETAIL, TAX DODGER, DOCTOR, RAILWAYS",2011,https://clios.com/awards/winner/design/traffic-retail-chicken-lips-tax-dodger-doctor-rail-9112,https://clios.com/awards/winner/design/traffic-retail-chicken-lips-tax-dodger-doctor-rail-9112,https://clios.com/awards/winner/design/traffic-retail-chicken-lips-tax-dodger-doctor-rail-9112
"COMMUTER, OFFICE WORKER, RUNNER",2011,https://www.adsoftheworld.com/campaign/multiple-sclerosis-society-bbdo-06-2011,https://www.adsoftheworld.com/campaign/multiple-sclerosis-society-bbdo-06-2011,https://www.adsoftheworld.com/campaign/multiple-sclerosis-society-bbdo-06-2011
"DOG, DUCK, MAN",2011,,https://www.adsoftheworld.com/campaign/mini-hearing-aid-monday-01-2011,https://www.adsoftheworld.com/campaign/mini-hearing-aid-monday-01-2011
DONATED SONGS,2011,https://www.youtube.com/watch?v=2mQNCN7tS98&ab_channel=WirzGruppe,https://www.youtube.com/watch?v=2mQNCN7tS98&ab_channel=WirzGruppe,https://www.youtube.com/watch?v=2mQNCN7tS98&ab_channel=WirzGruppe
"EXPLOITATION, SMUGGLING, RIOT",2011,https://www.adsoftheworld.com/campaign/new-straits-times-mccann-12-2010,https://www.adsoftheworld.com/campaign/new-straits-times-mccann-12-2010,https://www.adsoftheworld.com/campaign/new-straits-times-mccann-12-2010
FAMOUS SPEECHES COLLECTION WALLS,2011,https://www.adsoftheworld.com/campaign/editions-points-marcel-06-2011,https://www.adsoftheworld.com/campaign/editions-points-marcel-06-2011,https://www.adsoftheworld.com/campaign/editions-points-marcel-06-2011
HEARTBREAKER<3,2011,https://www.youtube.com/watch?v=_4fQwxYpzAE&ab_channel=AnorakOslo,https://www.youtube.com/watch?v=_4fQwxYpzAE&ab_channel=AnorakOslo,https://www.youtube.com/watch?v=_4fQwxYpzAE&ab_channel=AnorakOslo
"ICEBERG, GATE, CANNON",2011,https://www.adsoftheworld.com/campaign/fiat-leo-burnett-02-2011,https://www.adsoftheworld.com/campaign/fiat-leo-burnett-02-2011,https://www.adsoftheworld.com/campaign/fiat-leo-burnett-02-2011
"INSANITY, TAXES, LINES, CINEMA",2011,https://www.adsoftheworld.com/campaign/the-hamburg-theatre-leagas-delaney-06-2011,https://www.adsoftheworld.com/campaign/the-hamburg-theatre-leagas-delaney-06-2011,https://www.adsoftheworld.com/campaign/the-hamburg-theatre-leagas-delaney-06-2011
"IRAQ, T-SHIRT, BOYS",2011,https://www.adsoftheworld.com/campaign/marca-ddb-06-2011,https://www.adsoftheworld.com/campaign/marca-ddb-06-2011,https://www.adsoftheworld.com/campaign/marca-ddb-06-2011
"KURT, MADONNA, EMINEM, DAFT",2011,https://www.adsoftheworld.com/campaign/monkey-week-leo-burnett-06-2011,https://www.adsoftheworld.com/campaign/monkey-week-leo-burnett-06-2011,https://www.adsoftheworld.com/campaign/monkey-week-leo-burnett-06-2011
MODELS,2011,https://www.youtube.com/watch?v=p2AP3VMAkpA&ab_channel=sonyericsson,https://www.youtube.com/watch?v=p2AP3VMAkpA&ab_channel=sonyericsson,https://www.youtube.com/watch?v=p2AP3VMAkpA&ab_channel=sonyericsson
"PAPER, PVC PLASTIC, PLASTIC BAG, ROLL OF ALUMINIUM",2011,https://www.adsoftheworld.com/campaign/volkswagen-bbdo-06-2011_0,https://www.adsoftheworld.com/campaign/volkswagen-bbdo-06-2011_0,https://www.adsoftheworld.com/campaign/volkswagen-bbdo-06-2011_0
"PASSION, BABY",2011,,https://www.adsoftheworld.com/campaign/rolling-stone-ogilvy-06-2010,https://www.adsoftheworld.com/campaign/rolling-stone-ogilvy-06-2010
PHOTOGENIC,2011,https://clios.com/awards/winner/film/photogenic-7276,https://clios.com/awards/winner/film/photogenic-7276,https://clios.com/awards/winner/film/photogenic-7276
"PRISONER, SKINNY, BEAR, GENTLEMAN, WOMAN",2011,https://www.adsoftheworld.com/campaign/gillette-bbdo-06-2011_0,https://www.adsoftheworld.com/campaign/gillette-bbdo-06-2011_0,https://www.adsoftheworld.com/campaign/gillette-bbdo-06-2011_0
"PUPPETS, MAGIC, ORIGAMI",2011,https://www.adsoftheworld.com/campaign/volkswagen-bbdo-06-2011,https://www.adsoftheworld.com/campaign/volkswagen-bbdo-06-2011,https://www.adsoftheworld.com/campaign/volkswagen-bbdo-06-2011
RAINY DAYS,2011,https://www.youtube.com/watch?v=bUkTV0Z4HMk&ab_channel=OMDUKLondon,https://www.youtube.com/watch?v=bUkTV0Z4HMk&ab_channel=OMDUKLondon,https://www.youtube.com/watch?v=bUkTV0Z4HMk&ab_channel=OMDUKLondon
"SAUSAGEFLAN, WASABIMUFFIN, FISHCHOCOLATE",2011,https://www.adsoftheworld.com/campaign/ayudin-grey-05-2011,https://www.adsoftheworld.com/campaign/ayudin-grey-05-2011,https://www.adsoftheworld.com/campaign/ayudin-grey-05-2011
SHAVE SUTRA,2011,https://www.youtube.com/watch?v=ahFoFSnHadk&ab_channel=Kulzy,https://www.youtube.com/watch?v=ahFoFSnHadk&ab_channel=Kulzy,https://www.youtube.com/watch?v=ahFoFSnHadk&ab_channel=Kulzy
"SLIDE, KITE, SWING",2011,https://www.adsoftheworld.com/campaign/active-life-latinworks-06-2011,https://www.adsoftheworld.com/campaign/active-life-latinworks-06-2011,https://www.adsoftheworld.com/campaign/active-life-latinworks-06-2011
"SNAIL, JELLYFISH",2011,,https://www.adsoftheworld.com/campaign/pacific-paint-tbwa-09-2010,https://www.adsoftheworld.com/campaign/pacific-paint-tbwa-09-2010
STOP THE WATER WHILE USING ME!,2011,,https://www.kolle-rebbe.de/en/work/stop-the-water-while-using-me,https://www.kolle-rebbe.de/en/work/stop-the-water-while-using-me
WHAT A PERSON CAN MISS A MACHINE WILL FIND,2011,https://www.youtube.com/watch?v=sfDdAuitZjk&ab_channel=Havas,https://www.youtube.com/watch?v=sfDdAuitZjk&ab_channel=Havas,https://www.youtube.com/watch?v=sfDdAuitZjk&ab_channel=Havas
WHEN I GROW UP,2011,https://forsman.co/work/faktum/calendar-2011-when-i-grow-up,https://forsman.co/work/faktum/calendar-2011-when-i-grow-up,https://www.forsman.com/work/faktum/calendar-2011-when-i-grow-up
"WOMAN, BALD, BEAR",2011,https://www.adsoftheworld.com/campaign/santa-casa-yr-05-2011,https://www.adsoftheworld.com/campaign/santa-casa-yr-05-2011,https://www.adsoftheworld.com/campaign/santa-casa-yr-05-2011
ALWAYS A WOMAN,2010,https://adamandeveddb.com/work/john-lewis-and-partners-always-a-woman,https://adamandeveddb.com/work/john-lewis-and-partners-always-a-woman,https://adamandeveddb.com/work/john-lewis-and-partners-always-a-woman
AUTO INSURANCE,2010,https://www.adsoftheworld.com/campaign/nissan-tbwa-06-2010_0,https://www.adsoftheworld.com/campaign/nissan-tbwa-06-2010_0,https://www.adsoftheworld.com/campaign/nissan-tbwa-06-2010_0
"CAR, SAFE, ANTIQUE",2010,https://www.adsoftheworld.com/campaign/midea-ogilvy-06-2010,https://www.adsoftheworld.com/campaign/midea-ogilvy-06-2010,https://www.adsoftheworld.com/campaign/midea-ogilvy-06-2010
COME. I WISH TO SEE YOU.,2010,https://www.adsoftheworld.com/campaign/masp-ddb-02-2010,https://www.adsoftheworld.com/campaign/masp-ddb-02-2010,https://www.adsoftheworld.com/campaign/masp-ddb-02-2010
DOORS,2010,https://www.adsoftheworld.com/campaign/vip-magazine-grey-05-2009,https://www.adsoftheworld.com/campaign/vip-magazine-grey-05-2009,https://www.adsoftheworld.com/campaign/vip-magazine-grey-05-2009
FIND MUSIC,2010,https://www.adsoftheworld.com/campaign/the-fridge-tbwa-06-2010,https://www.adsoftheworld.com/campaign/the-fridge-tbwa-06-2010,https://www.adsoftheworld.com/campaign/the-fridge-tbwa-06-2010
FOLLOW THE WHITE RABBIT,2010,https://www.catchaaron.com/syfy-channel-follow-the-white-rabbit,https://www.catchaaron.com/syfy-channel-follow-the-white-rabbit,https://www.catchaaron.com/syfy-channel-follow-the-white-rabbit
GO BACK,2010,https://www.adsoftheworld.com/campaign/cafe-suplicy-saatchi-saatchi-05-2010,https://www.adsoftheworld.com/campaign/cafe-suplicy-saatchi-saatchi-05-2010,https://www.adsoftheworld.com/campaign/cafe-suplicy-saatchi-saatchi-05-2010
"GUN, RING, WATCH",2010,https://www.adsoftheworld.com/campaign/master-lock-foxp2-11-2009,https://www.adsoftheworld.com/campaign/master-lock-foxp2-11-2009,https://www.adsoftheworld.com/campaign/master-lock-foxp2-11-2009
IT BARELY LEAVES A TRACE,2010,https://www.adsoftheworld.com/campaign/klunter-yr-04-2010,https://www.adsoftheworld.com/campaign/klunter-yr-04-2010,https://www.adsoftheworld.com/campaign/klunter-yr-04-2010
JOSH’S BAND,2010,https://www.youtube.com/watch?v=jzRF10wwdvo,https://www.youtube.com/watch?v=jzRF10wwdvo,https://www.youtube.com/watch?v=jzRF10wwdvo
LIFE’S HARD WHEN YOU’RE A FAT DOG,2010,https://www.adsoftheworld.com/campaign/master-dog-yr-05-2010,https://www.adsoftheworld.com/campaign/master-dog-yr-05-2010,https://www.adsoftheworld.com/campaign/master-dog-yr-05-2010
MUD,2010,https://adsarchive.com/wp-content/uploads/2015/04/fedexmud.jpg,https://adsarchive.com/wp-content/uploads/2015/04/fedexmud.jpg,https://adsarchive.com/wp-content/uploads/2015/04/fedexmud.jpg
"ORGANO, ELEPHANT, VAULT",2010,https://www.adsoftheworld.com/campaign/ford-jwt-06-2010,https://www.adsoftheworld.com/campaign/ford-jwt-06-2010,https://www.adsoftheworld.com/campaign/ford-jwt-06-2010
OUT OF THIS WORLD,2010,https://www.adsoftheworld.com/campaign/lika-gum-elephant-03-2010,https://www.adsoftheworld.com/campaign/lika-gum-elephant-03-2010,https://www.adsoftheworld.com/campaign/lika-gum-elephant-03-2010
"PIG, CALF, CHICKEN",2010,https://www.adsoftheworld.com/campaign/alcaluftal-tbwa-05-2010,https://www.adsoftheworld.com/campaign/alcaluftal-tbwa-05-2010,https://www.adsoftheworld.com/campaign/alcaluftal-tbwa-05-2010
POLAR BEAR,2010,https://www.youtube.com/watch?v=aMnzSvZP_kE,https://www.youtube.com/watch?v=aMnzSvZP_kE,https://www.youtube.com/watch?v=aMnzSvZP_kE
THE SOONER YOU ADVERTISE HERE THE BETTER.,2010,https://www.adsoftheworld.com/campaign/interbest-yr-06-2010,https://www.adsoftheworld.com/campaign/interbest-yr-06-2010,https://www.adsoftheworld.com/campaign/interbest-yr-06-2010
"UNICORN, SQUIRREL, BAMBI",2010,https://www.adsoftheworld.com/campaign/caritas-bbdo-06-2010,https://www.adsoftheworld.com/campaign/caritas-bbdo-06-2010,https://www.adsoftheworld.com/campaign/caritas-bbdo-06-2010
WHAT WILL IT TAKE BEFORE WE RESPECT THE PLANET?,2010,https://www.adsoftheworld.com/campaign/wwf-ogilvy-06-2010_0,https://www.adsoftheworld.com/campaign/wwf-ogilvy-06-2010_0,https://www.adsoftheworld.com/campaign/wwf-ogilvy-06-2010_0
"BAGPIPER, OPERA SINGER, PRIEST",2009,https://www.adsoftheworld.com/campaign/honda-fischer-06-2009,https://www.adsoftheworld.com/campaign/honda-fischer-06-2009,https://www.adsoftheworld.com/campaign/honda-fischer-06-2009
"BARKEEPER, SKATER, SHOWER",2009,https://www.adsoftheworld.com/campaign/ikea-grabarz-partner-05-2009,https://www.adsoftheworld.com/campaign/ikea-grabarz-partner-05-2009,https://www.adsoftheworld.com/campaign/ikea-grabarz-partner-05-2009
"BOXES, CARPET, FIREWOOD",2009,,https://www.adsoftheworld.com/campaign/whiskas-bbdo-05-2009,https://www.adsoftheworld.com/campaign/whiskas-bbdo-05-2009
"CLASSROOM, BUS-STOP, LIVING ROOM",2009,https://www.adsoftheworld.com/campaign/zeiss-bbdo-07-2009,https://www.adsoftheworld.com/campaign/zeiss-bbdo-07-2009,https://www.adsoftheworld.com/campaign/zeiss-bbdo-07-2009
"CLASSROOM, BUS-STOP, LIVING ROOM",2009,,https://www.adsoftheworld.com/campaign/zeiss-bbdo-07-2009,https://www.adsoftheworld.com/campaign/zeiss-bbdo-07-2009
"COP, TRAM",2009,https://www.adsoftheworld.com/campaign/vespa-saatchi-saatchi-09-2008,https://www.adsoftheworld.com/campaign/vespa-saatchi-saatchi-09-2008,https://www.adsoftheworld.com/campaign/vespa-saatchi-saatchi-09-2008
"GM FOODS, CAR WASH, COMPUTER, ECONOMIC CRISES, SUBWAY, NUCLEAR",2009,https://www.adsoftheworld.com/campaign/greenpeace-ddb-05-2009,https://www.adsoftheworld.com/campaign/greenpeace-ddb-05-2009,https://www.adsoftheworld.com/campaign/greenpeace-ddb-05-2009
MULTI-MEDIA COKE MACHINE,2009,https://cargo.teamgoodguys.com/Coca-Cola-Multi-Media-Vending,https://cargo.teamgoodguys.com/Coca-Cola-Multi-Media-Vending,https://cargo.teamgoodguys.com/Coca-Cola-Multi-Media-Vending
"PARKING, THE AD SQUATTER, CROWDED, SHELTER HOME, REAL SIZE HOME",2009,https://www.adsoftheworld.com/campaign/fondation-abbe-pierre-bddp-01-2009,https://www.adsoftheworld.com/campaign/fondation-abbe-pierre-bddp-01-2009,https://www.adsoftheworld.com/campaign/fondation-abbe-pierre-bddp-01-2009
"PINKY, COLLAR, DECROSSIFIER",2009,https://mitchgage.cargo.site/Miller-High-Life,https://mitchgage.cargo.site/Miller-High-Life,https://mitchgage.cargo.site/Miller-High-Life
"PURPLE CATERPILLAR, WHALE COW, HUGS, RECIPE BOOK",2009,https://www.adsoftheworld.com/campaign/ben-jerrys-ogilvy-07-2009,https://www.adsoftheworld.com/campaign/ben-jerrys-ogilvy-07-2009,https://www.adsoftheworld.com/campaign/ben-jerrys-ogilvy-07-2009
"SOFA, WARDROBE, BED",2009,https://ricardowolff.com/IKEA-HALF-PRICE,https://ricardowolff.com/IKEA-HALF-PRICE,https://ricardowolff.com/IKEA-HALF-PRICE
BUILDING,2008,https://d3nuqriibqh3vw.cloudfront.net/styles/aotw_detail_ir/s3/images/anandomilkbuilding.jpg?itok=9vH-pWEk,https://d3nuqriibqh3vw.cloudfront.net/styles/aotw_detail_ir/s3/images/anandomilkbuilding.jpg?itok=9vH-pWEk,https://d3nuqriibqh3vw.cloudfront.net/styles/aotw_detail_ir/s3/images/anandomilkbuilding.jpg?itok=9vH-pWEk
EATING IN TOILET,2008,https://storage.googleapis.com/adforum-media/12654353/FCBC_12550_12654353A.JPG,https://storage.googleapis.com/adforum-media/12654353/FCBC_12550_12654353A.JPG,https://storage.googleapis.com/adforum-media/12654353/FCBC_12550_12654353A.JPG
MMS,2008,https://forsman.co/work/amf/mms,https://forsman.co/work/amf/mms,https://forsman.co/work/amf/mms
NIGHT REFLECTION,2008,https://creativecriminals.com/pictures/hq/161/mcdonaldsnight1.jpg,https://creativecriminals.com/pictures/hq/161/mcdonaldsnight1.jpg,https://creativecriminals.com/pictures/hq/161/mcdonaldsnight1.jpg
ROB LOWE,2008,https://www.youtube.com/watch?v=5i2N0_UPRxM,https://www.youtube.com/watch?v=5i2N0_UPRxM,https://www.youtube.com/watch?v=5i2N0_UPRxM
BRICK WALL,2005,https://assets.lovethework.com/loc1/archive/2005/press/high/03606.jpg?Key-Pair-Id=K3KXIJDC8V1Z48&Policy=eyJTdGF0ZW1lbnQiOlt7IkNvbmRpdGlvbiI6eyJEYXRlTGVzc1RoYW4iOnsiQVdTOkVwb2NoVGltZSI6MTY2MTEzNDEwOX19LCJSZXNvdXJjZSI6Imh0dHBzOi8vYXNzZXRzLmxvdmV0aGV3b3JrLmNvbS9sb2MxL2FyY2hpdmUvMjAwNS9wcmVzcy9oaWdoLzAzNjA2LmpwZyJ9XX0&Signature=OrzJRREQYLCJ162tycL7JuP7NXMMmWG0SUTtylEV0Vt0E2IBxN185oNChTjYBldPvcdcuAa2lfUdx7qxcfITQz7klrXqNkX3xO3TITqn43RBEpbhebW6ovM%2FeI6Pi753K3YKzn1a%2BEVyUoTO80CnGjS5%2FTlOkFl4B%2BAAMi%2BaBIGt4hqMkLVgGG4FveCvghf6iZCb56lXGMYLJyiVY79D8CTNmWEZFTuT154CPHe%2BcYj%2BCDG1Exp7JoVHUGSdn%2Fvy8XuDWr8t8hkxFYsZPh8%2Bt3QkrmHdBjRsy8Vwk30vRgu4XomUJiZlyhyy8JynDD6994hfawKFaSbGqN%2BI8ncCGQ,https://assets.lovethework.com/loc1/archive/2005/press/high/03606.jpg?Key-Pair-Id=K3KXIJDC8V1Z48&Policy=eyJTdGF0ZW1lbnQiOlt7IkNvbmRpdGlvbiI6eyJEYXRlTGVzc1RoYW4iOnsiQVdTOkVwb2NoVGltZSI6MTY2MTEzNDEwOX19LCJSZXNvdXJjZSI6Imh0dHBzOi8vYXNzZXRzLmxvdmV0aGV3b3JrLmNvbS9sb2MxL2FyY2hpdmUvMjAwNS9wcmVzcy9oaWdoLzAzNjA2LmpwZyJ9XX0&Signature=OrzJRREQYLCJ162tycL7JuP7NXMMmWG0SUTtylEV0Vt0E2IBxN185oNChTjYBldPvcdcuAa2lfUdx7qxcfITQz7klrXqNkX3xO3TITqn43RBEpbhebW6ovM%2FeI6Pi753K3YKzn1a%2BEVyUoTO80CnGjS5%2FTlOkFl4B%2BAAMi%2BaBIGt4hqMkLVgGG4FveCvghf6iZCb56lXGMYLJyiVY79D8CTNmWEZFTuT154CPHe%2BcYj%2BCDG1Exp7JoVHUGSdn%2Fvy8XuDWr8t8hkxFYsZPh8%2Bt3QkrmHdBjRsy8Vwk30vRgu4XomUJiZlyhyy8JynDD6994hfawKFaSbGqN%2BI8ncCGQ,https://assets.lovethework.com/loc1/archive/2005/press/high/03606.jpg?Key-Pair-Id=K3KXIJDC8V1Z48&Policy=eyJTdGF0ZW1lbnQiOlt7IkNvbmRpdGlvbiI6eyJEYXRlTGVzc1RoYW4iOnsiQVdTOkVwb2NoVGltZSI6MTY2MTEzNDEwOX19LCJSZXNvdXJjZSI6Imh0dHBzOi8vYXNzZXRzLmxvdmV0aGV3b3JrLmNvbS9sb2MxL2FyY2hpdmUvMjAwNS9wcmVzcy9oaWdoLzAzNjA2LmpwZyJ9XX0&Signature=OrzJRREQYLCJ162tycL7JuP7NXMMmWG0SUTtylEV0Vt0E2IBxN185oNChTjYBldPvcdcuAa2lfUdx7qxcfITQz7klrXqNkX3xO3TITqn43RBEpbhebW6ovM%2FeI6Pi753K3YKzn1a%2BEVyUoTO80CnGjS5%2FTlOkFl4B%2BAAMi%2BaBIGt4hqMkLVgGG4FveCvghf6iZCb56lXGMYLJyiVY79D8CTNmWEZFTuT154CPHe%2BcYj%2BCDG1Exp7JoVHUGSdn%2Fvy8XuDWr8t8hkxFYsZPh8%2Bt3QkrmHdBjRsy8Vwk30vRgu4XomUJiZlyhyy8JynDD6994hfawKFaSbGqN%2BI8ncCGQ
BUNSO,2005,https://www.youtube.com/watch?v=yh6lz7zgGNY&ab_channel=ANRW,https://www.youtube.com/watch?v=yh6lz7zgGNY&ab_channel=ANRW,https://www.youtube.com/watch?v=yh6lz7zgGNY&ab_channel=ANRW
MARIE,2005,https://player.vimeo.com/video/105691925,https://player.vimeo.com/video/105691925,https://player.vimeo.com/video/105691925
VERNE TROYER,2005,https://www.youtube.com/watch?v=UOzZs4krFKY&ab_channel=motherlondon,https://www.youtube.com/watch?v=UOzZs4krFKY&ab_channel=motherlondon,https://www.youtube.com/watch?v=UOzZs4krFKY&ab_channel=motherlondon
COURT STENOGRAPHER,2004,https://www.youtube.com/watch?v=ywjOf030J-Y&ab_channel=davisatlas,https://www.youtube.com/watch?v=ywjOf030J-Y&ab_channel=davisatlas,https://www.youtube.com/watch?v=ywjOf030J-Y&ab_channel=davisatlas
FLIGHT ATTENDANT,2004,https://www.youtube.com/watch?v=GLWNfkTv-to&ab_channel=BenjaminPadero,https://www.youtube.com/watch?v=GLWNfkTv-to&ab_channel=BenjaminPadero,https://www.youtube.com/watch?v=GLWNfkTv-to&ab_channel=BenjaminPadero
TRY K2R,2004,https://www.youtube.com/watch?v=ibTxMvCZpFI&amp;ab_channel=GCCarvalho,https://www.youtube.com/watch?v=ibTxMvCZpFI&amp;ab_channel=GCCarvalho,https://www.youtube.com/watch?v=ibTxMvCZpFI&amp;ab_channel=GCCarvalho
VILLAGE,2004,https://www.youtube.com/watch?v=ibTxMvCZpFI&ab_channel=GCCarvalho,https://www.youtube.com/watch?v=ibTxMvCZpFI&ab_channel=GCCarvalho,https://www.youtube.com/watch?v=ibTxMvCZpFI&ab_channel=GCCarvalho
BRUISED AMBASSADORS,2003,https://d26eb5y2jukpbz.cloudfront.net/ebs/archive/2003/media/03374A_a.jpg,https://d26eb5y2jukpbz.cloudfront.net/ebs/archive/2003/media/03374A_a.jpg,https://d26eb5y2jukpbz.cloudfront.net/ebs/archive/2003/media/03374A_a.jpg
"LIVE FAST, DIE A SENIOR CITIZEN",2003,https://storage.googleapis.com/adforum-media/30113/BARB_12048_0030113A.JPG,https://storage.googleapis.com/adforum-media/30113/BARB_12048_0030113A.JPG,https://storage.googleapis.com/adforum-media/30113/BARB_12048_0030113A.JPG
STREAKER,2003,http://www.papik.es/en/portfolio/athletic-club-streaker/,http://www.papik.es/en/portfolio/athletic-club-streaker/,http://www.papik.es/en/portfolio/athletic-club-streaker/
WIMBLEDON 2002,2003,https://www.youtube.com/watch?v=ipAC-xBbVOc,https://www.youtube.com/watch?v=ipAC-xBbVOc,https://www.youtube.com/watch?v=ipAC-xBbVOc
AIDS HELP VIENNA,2002,https://www.youtube.com/watch?v=ukVCbNt9FpY&ab_channel=ElisaR.,https://www.youtube.com/watch?v=ukVCbNt9FpY&ab_channel=ElisaR.,https://www.youtube.com/watch?v=ukVCbNt9FpY&ab_channel=ElisaR.
ALWAYS HAVE THE LAST WORD,2002,https://d26eb5y2jukpbz.cloudfront.net/ebs/archive/2002/media/02216A_b.jpg,https://d26eb5y2jukpbz.cloudfront.net/ebs/archive/2002/media/02216A_b.jpg,https://d26eb5y2jukpbz.cloudfront.net/ebs/archive/2002/media/02216A_b.jpg
AUDI A4 AVANT,2002,https://d26eb5y2jukpbz.cloudfront.net/ebs/archive/2002/media/02112N.jpg,https://d26eb5y2jukpbz.cloudfront.net/ebs/archive/2002/media/02112N.jpg,https://d26eb5y2jukpbz.cloudfront.net/ebs/archive/2002/media/02112N.jpg
FOREVER,2002,https://www.youtube.com/watch?v=b0KFxIi_jME,https://www.youtube.com/watch?v=b0KFxIi_jME,https://www.youtube.com/watch?v=b0KFxIi_jME
ONE IN FOUR,2002,https://www.adforum.com/creative-work/ad/player/20749/one-in-four/womankind,https://www.adforum.com/creative-work/ad/player/20749/one-in-four/womankind,https://www.adforum.com/creative-work/ad/player/20749/one-in-four/womankind
ADIDAS BEAT RUGBY I,2001,https://d26eb5y2jukpbz.cloudfront.net/ebs/archive/osi/2001/media/010018N_b.jpg,https://d26eb5y2jukpbz.cloudfront.net/ebs/archive/osi/2001/media/010018N_b.jpg,https://d26eb5y2jukpbz.cloudfront.net/ebs/archive/osi/2001/media/010018N_b.jpg
KISS ON THE BUS,2001,https://www.adforum.com/creative-work/ad/player/14665/bus-opened-doors/smint,https://www.adforum.com/creative-work/ad/player/14665/bus-opened-doors/smint,https://www.adforum.com/creative-work/ad/player/14665/bus-opened-doors/smint
JUKKA BROS / XMAS STORY,2000,https://www.youtube.com/watch?v=qp7LaVl6ons&ab_channel=LakshmipathyBhat,https://www.youtube.com/watch?v=qp7LaVl6ons&ab_channel=LakshmipathyBhat,https://www.youtube.com/watch?v=qp7LaVl6ons&ab_channel=LakshmipathyBhat
LYREBIRD,2000,https://www.youtube.com/watch?v=0uDk-EYGY3I&ab_channel=MindlessShelfIndulgence,https://www.youtube.com/watch?v=0uDk-EYGY3I&ab_channel=MindlessShelfIndulgence,https://www.youtube.com/watch?v=0uDk-EYGY3I&ab_channel=MindlessShelfIndulgence
WINDOW,2000,https://www.youtube.com/watch?v=sZoMxFiPAyA&ab_channel=TheHallofAdvertising,https://www.youtube.com/watch?v=sZoMxFiPAyA&ab_channel=TheHallofAdvertising,https://www.youtube.com/watch?v=sZoMxFiPAyA&ab_channel=TheHallofAdvertising
THE CHILD IN THE CROWD,1999,https://www.youtube.com/watch?v=cbTAsUSpcQI,https://www.youtube.com/watch?v=cbTAsUSpcQI,https://www.youtube.com/watch?v=cbTAsUSpcQI
INTERNET,1997,https://www.youtube.com/watch?v=zFdwYDmiL4M&ab_channel=rocketraccoon20,https://www.youtube.com/watch?v=zFdwYDmiL4M&ab_channel=rocketraccoon20,https://www.youtube.com/watch?v=zFdwYDmiL4M&ab_channel=rocketraccoon20
ELEPHANT,1996,https://www.youtube.com/watch?v=qVZK1OWtqwY&ab_channel=DoniAmaro,https://www.youtube.com/watch?v=qVZK1OWtqwY&ab_channel=DoniAmaro,https://www.youtube.com/watch?v=qVZK1OWtqwY&ab_channel=DoniAmaro
IDOLS,1996,https://www.youtube.com/watch?v=877cHKgLRzA&ab_channel=rocketraccoon19,https://www.youtube.com/watch?v=877cHKgLRzA&ab_channel=rocketraccoon19,https://www.youtube.com/watch?v=877cHKgLRzA&ab_channel=rocketraccoon19
GECKO,1996,https://www.youtube.com/watch?v=Gu7KEFr-6Hc&ab_channel=TheLouBuford,https://www.youtube.com/watch?v=Gu7KEFr-6Hc&ab_channel=TheLouBuford,https://www.youtube.com/watch?v=Gu7KEFr-6Hc&ab_channel=TheLouBuford
NUTRITION,1990,https://www.youtube.com/watch?v=jYo7NR1LJYE&ab_channel=SunRice,https://www.youtube.com/watch?v=jYo7NR1LJYE&ab_channel=SunRice,https://www.youtube.com/watch?v=jYo7NR1LJYE&ab_channel=SunRice
LA COPIEUSE,1978,https://www.adforum.com/creative-work/ad/player/33194/the-graduate/waterman,https://www.adforum.com/creative-work/ad/player/33194/the-graduate/waterman,https://www.adforum.com/creative-work/ad/player/33194/the-graduate/waterman
